Filename,link,
Abu Road,https://www.dropbox.com/s/22sl7cbk29tt1m2/Abu%20Road_ISM.pdf?dl=0,
Adegaon,https://www.dropbox.com/s/n84znpgf7rdvkdw/Adegaon_ISM.pdf?dl=0,
Agalpur,https://www.dropbox.com/s/rnfzibi5163w623/Agalpur_ISM.pdf?dl=0,
Agar Malwa,https://www.dropbox.com/s/eg1xlj19glq3u0a/Agar%20Malwa_ISM.pdf?dl=0,
Agarpada,https://www.dropbox.com/s/h73s9qhyrh9izuv/Agarpada_ISM.pdf?dl=0,
Agartala,https://www.dropbox.com/s/ccrpmjh9pm83yj2/Agartala_ISM.pdf?dl=0,
Ahore,https://www.dropbox.com/s/7hgwg2nyixxp9fj/Ahore_ISM.pdf?dl=0,
Ajitwal,https://www.dropbox.com/s/3lmjr9vl8zy7t5z/Ajitwal_ISM.pdf?dl=0,
Aklera,https://www.dropbox.com/s/e1laglt72iyx7js/Aklera_ISM.pdf?dl=0,
Akola,https://www.dropbox.com/s/mq26pha99hep0gv/Akola_ISM.pdf?dl=0,
Akot,https://www.dropbox.com/s/6kubicwosidz6oy/Akot_ISM.pdf?dl=0,
Aland,https://www.dropbox.com/s/k0w208cclikzeqy/Aland_ISM.pdf?dl=0,
Alipurduar,https://www.dropbox.com/s/v7e5lsfk4lcrqpf/Alipurduar_ISM.pdf?dl=0,
Alirajpur,https://www.dropbox.com/s/irfc9ijy7g2mkew/Alirajpur_ISM.pdf?dl=0,
Alote,https://www.dropbox.com/s/rf5yhzglrz4v07p/Alote_ISM.pdf?dl=0,
Amarpur(Tripura),https://www.dropbox.com/s/anx5trrn3zxanwr/Amarpur%28Tripura%29_ISM.pdf?dl=0,
Amarpur,https://www.dropbox.com/s/b8qw550xxlrb8jt/Amarpur_ISM.pdf?dl=0,
Ambad,https://www.dropbox.com/s/yvkujczqrx7vezr/Ambad_ISM.pdf?dl=0,
Ambassa,https://www.dropbox.com/s/y035teiy3b65gaf/Ambassa_ISM.pdf?dl=0,
Ambikapur,https://www.dropbox.com/s/9iifsuk6u4fg078/Ambikapur_ISM.pdf?dl=0,
Amet,https://www.dropbox.com/s/g72nmkpsth1o2cf/Amet_ISM.pdf?dl=0,
Amgaon,https://www.dropbox.com/s/v8nluvngalc6ybc/Amgaon_ISM.pdf?dl=0,
Amguri,https://www.dropbox.com/s/thy4rizcoditq9f/Amguri_ISM.pdf?dl=0,
Amravati,https://www.dropbox.com/s/yxdu79c34bxc2v6/Amravati_ISM.pdf?dl=0,
Anandapur,https://www.dropbox.com/s/anlf4b48644sq3j/Anandapur_ISM.pdf?dl=0,
Andippatti,https://www.dropbox.com/s/e19otoijmh2fadi/Andippatti_ISM.pdf?dl=0,
Angul,https://www.dropbox.com/s/g82dw93hxn5ifn0/Angul_ISM.pdf?dl=0,
Anupgarh,https://www.dropbox.com/s/flblsd4d6cj70ng/Anupgarh_ISM.pdf?dl=0,
Anuppur,https://www.dropbox.com/s/5390gwwteg1vdcu/Anuppur_ISM.pdf?dl=0,
Aranthangi,https://www.dropbox.com/s/ja2w46203p7pi03/Aranthangi_ISM.pdf?dl=0,
Areraj,https://www.dropbox.com/s/natt5xv3l6cvxvj/Areraj_ISM.pdf?dl=0,
Arniwala,https://www.dropbox.com/s/uhm4my1fvzyjhn7/Arniwala_ISM.pdf?dl=0,
Arniwala-2,https://www.dropbox.com/s/1e4xwtx4l5d0nq8/Arniwala-2_ISM.pdf?dl=0,
Arrah,https://www.dropbox.com/s/liqkmrqrkgn4y5l/Arrah_ISM.pdf?dl=0,
Arrah-2,https://www.dropbox.com/s/magwh0my1hmpoql/Arrah-2_ISM.pdf?dl=0,
Aruppukottai,https://www.dropbox.com/s/djv6gol1lcjxth5/Aruppukottai_ISM.pdf?dl=0,
Arvi,https://www.dropbox.com/s/xousflq4wx335g3/Arvi_ISM.pdf?dl=0,
Ashta,https://www.dropbox.com/s/tootuy3t05p0sfb/Ashta_ISM.pdf?dl=0,
Aska,https://www.dropbox.com/s/363acpcvx3dpazp/Aska_ISM.pdf?dl=0,
Assandh,https://www.dropbox.com/s/lg6ilc9h7ye6hrf/Assandh_ISM.pdf?dl=0,
Astha,https://www.dropbox.com/s/q8f8qsqlq89zffq/Astha_ISM.pdf?dl=0,
Athagarh,https://www.dropbox.com/s/5jnwpaqv6q63ka6/Athagarh_ISM.pdf?dl=0,
Athamalik,https://www.dropbox.com/s/pkmp4cy8n175o6a/Athamalik_ISM.pdf?dl=0,
Athner,https://www.dropbox.com/s/q9iidtpbmbzfa2q/Athner_ISM.pdf?dl=0,
Attabira,https://www.dropbox.com/s/4h7nacf5rnz8j8f/Attabira_ISM.pdf?dl=0,
Aurad,https://www.dropbox.com/s/9leubnfzlos1wt3/Aurad_ISM.pdf?dl=0,
Aurangabad,https://www.dropbox.com/s/gntlp7oly97de5y/Aurangabad_ISM.pdf?dl=0,
Bada Malhera,https://www.dropbox.com/s/jyvcllrgyr0evb0/Bada%20Malhera_ISM.pdf?dl=0,
Badamba,https://www.dropbox.com/s/eol4j1ixy1yyc9a/Badamba_ISM.pdf?dl=0,
Badnagar,https://www.dropbox.com/s/05a54kdqsqrbs4c/Badnagar_ISM.pdf?dl=0,
Badnapur,https://www.dropbox.com/s/ut0vjt7140drofn/Badnapur_ISM.pdf?dl=0,
Bagaha,https://www.dropbox.com/s/w7unoe17tw68y7i/Bagaha_ISM.pdf?dl=0,
Bagbahara,https://www.dropbox.com/s/7xg326my6ss2zad/Bagbahara_ISM.pdf?dl=0,
Bagdogra,https://www.dropbox.com/s/b8jmld7ob74y62y/Bagdogra_ISM.pdf?dl=0,
Baghapurana,https://www.dropbox.com/s/wyte9h9ks3ag0uc/Baghapurana_ISM.pdf?dl=0,
Baharagora,https://www.dropbox.com/s/u2ca7sl4m6sba6p/Baharagora_ISM.pdf?dl=0,
Baihar,https://www.dropbox.com/s/oq4fl8rjhxt49lx/Baihar_ISM.pdf?dl=0,
Baihata Chariali,https://www.dropbox.com/s/3uwhu2lc0xmbwts/Baihata%20Chariali_ISM.pdf?dl=0,
Baisinga,https://www.dropbox.com/s/ernlsgg7bvhzllj/Baisinga_ISM.pdf?dl=0,
Bakhri,https://www.dropbox.com/s/v44tivpp126ikyn/Bakhri_ISM.pdf?dl=0,
Balaghat,https://www.dropbox.com/s/aqweh4qgzbia249/Balaghat_ISM.pdf?dl=0,
Balia,https://www.dropbox.com/s/7nu6kwqynu43wsu/Balia_ISM.pdf?dl=0,
Baliapal,https://www.dropbox.com/s/y0ome32ir224stx/Baliapal_ISM.pdf?dl=0,
Balichandrapur,https://www.dropbox.com/s/97o1t68cr0rx67u/Balichandrapur_ISM.pdf?dl=0,
Baliguda,https://www.dropbox.com/s/h0i06qoc7sxuqwa/Baliguda_ISM.pdf?dl=0,
Balipatna,https://www.dropbox.com/s/n7t3bvy9lnqoudk/Balipatna_ISM.pdf?dl=0,
Balod,https://www.dropbox.com/s/34877b0ksnc9gwu/Balod_ISM.pdf?dl=0,
Baloda Bazar,https://www.dropbox.com/s/cz8wksu7cshszep/Baloda%20Bazar_ISM.pdf?dl=0,
Balugaon,https://www.dropbox.com/s/lg0nvah2fmxa1if/Balugaon_ISM.pdf?dl=0,
Bamankhi,https://www.dropbox.com/s/knaerrzxsae9whc/Bamankhi_ISM.pdf?dl=0,
Bamara,https://www.dropbox.com/s/dbvh2zonr91iopr/Bamara_ISM.pdf?dl=0,
Bamhani,https://www.dropbox.com/s/vwm5tb0l4kbzdc5/Bamhani_ISM.pdf?dl=0,
Banarpal,https://www.dropbox.com/s/s3q8bmhvlxluqn7/Banarpal_ISM.pdf?dl=0,
Banaso,https://www.dropbox.com/s/dmxaiuqnllzxdb8/Banaso_ISM.pdf?dl=0,
Baniyapur,https://www.dropbox.com/s/7zzfi1fj5doae4q/Baniyapur_ISM.pdf?dl=0,
Banka,https://www.dropbox.com/s/uwvl3uux2exkxgs/Banka_ISM.pdf?dl=0,
Banki,https://www.dropbox.com/s/kt4gmnmhtxkxlf9/Banki_ISM.pdf?dl=0,
Bansula,https://www.dropbox.com/s/ol8p79w8jhkay01/Bansula_ISM.pdf?dl=0,
Bansur,https://www.dropbox.com/s/4a3virmdk1g1nt7/Bansur_ISM.pdf?dl=0,
Banswara,https://www.dropbox.com/s/47xpu67pmdkawjs/Banswara_ISM.pdf?dl=0,
Bantala,https://www.dropbox.com/s/jvw4i586tzgdmra/Bantala_ISM.pdf?dl=0,
Baran,https://www.dropbox.com/s/kqp5g9dowyrg38j/Baran_ISM.pdf?dl=0,
Barang,https://www.dropbox.com/s/blowtu3lo7u27r9/Barang_ISM.pdf?dl=0,
Barauni,https://www.dropbox.com/s/mzzh94gqg777oud/Barauni_ISM.pdf?dl=0,
Bardhaman,https://www.dropbox.com/s/fvailr7vrhf7pfl/Bardhaman_ISM.pdf?dl=0,
Bareli,https://www.dropbox.com/s/wnp10376tiwwmnt/Bareli_ISM.pdf?dl=0,
Barh,https://www.dropbox.com/s/xcudfbqbj23vpi8/Barh_ISM.pdf?dl=0,
Barhaj,https://www.dropbox.com/s/yn6n0vl0shuqn8g/Barhaj_ISM.pdf?dl=0,
Barhalganj,https://www.dropbox.com/s/g6e0gavu033h0kr/Barhalganj_ISM.pdf?dl=0,
Barharwa,https://www.dropbox.com/s/5jz6iw49o3y8m1z/Barharwa_ISM.pdf?dl=0,
Barhi(jh),https://www.dropbox.com/s/7tac7qnxxssefyo/Barhi%28jh%29_ISM.pdf?dl=0,
Barhi(MP),https://www.dropbox.com/s/2l6qcysxjk2u6gk/Barhi%28MP%29_ISM.pdf?dl=0,
Bari Sadri,https://www.dropbox.com/s/l3oypc269xc77m3/Bari%20Sadri_ISM.pdf?dl=0,
Baripada,https://www.dropbox.com/s/tw1qmbffain08uo/Baripada_ISM.pdf?dl=0,
Bariyahi,https://www.dropbox.com/s/dv8liafngp18mje/Bariyahi_ISM.pdf?dl=0,
Barkagaon,https://www.dropbox.com/s/ke2qrk014y1of16/Barkagaon_ISM.pdf?dl=0,
Barkot,https://www.dropbox.com/s/b06xqkbhkdgqbmo/Barkot_ISM.pdf?dl=0,
Barmakela,https://www.dropbox.com/s/7ws3zff7ucbfq9g/Barmakela_ISM.pdf?dl=0,
Barpali,https://www.dropbox.com/s/tphmlxwfgy6vp6v/Barpali_ISM.pdf?dl=0,
Barwala,https://www.dropbox.com/s/7g7ri6for5gv5cb/Barwala_ISM.pdf?dl=0,
Barwani,https://www.dropbox.com/s/8krqvk4eynilsij/Barwani_ISM.pdf?dl=0,
Basantpur,https://www.dropbox.com/s/mza64rf0ujrcpf7/Basantpur_ISM.pdf?dl=0,
Basavakalyan,https://www.dropbox.com/s/jlpuu9lfkutiquw/Basavakalyan_ISM.pdf?dl=0,
Basna,https://www.dropbox.com/s/2bvvw00br6ucsm2/Basna_ISM.pdf?dl=0,
Basudevpur,https://www.dropbox.com/s/5o4kgxp8qrvw5qa/Basudevpur_ISM.pdf?dl=0,
Batala 2,https://www.dropbox.com/s/u8myzphbxr8eu7k/Batala%202_ISM.pdf?dl=0,
Batala,https://www.dropbox.com/s/eqbd6kj1u1oxxuj/Batala_ISM.pdf?dl=0,
Batkakhapa,https://www.dropbox.com/s/rmq3tye6cjunizk/Batkakhapa_ISM.pdf?dl=0,
Beas,https://www.dropbox.com/s/hscfz7e2xfoaf01/Beas_ISM.pdf?dl=0,
Begunia,https://www.dropbox.com/s/q6ab18zbimzoqz5/Begunia_ISM.pdf?dl=0,
Beheri,https://www.dropbox.com/s/fadcogjevtqmy5o/Beheri_ISM.pdf?dl=0,
Behror,https://www.dropbox.com/s/mbmvjxbc6cacod1/Behror_ISM.pdf?dl=0,
Belakoba,https://www.dropbox.com/s/3fmhfntdoy2t3co/Belakoba_ISM.pdf?dl=0,
Belda,https://www.dropbox.com/s/gue4b9sax6l5l1i/Belda_ISM.pdf?dl=0,
Bellary Rural,https://www.dropbox.com/s/qpt763au6vzvslq/Bellary%20Rural_ISM.pdf?dl=0,
Belpahar,https://www.dropbox.com/s/873nnfas0xy9psk/Belpahar_ISM.pdf?dl=0,
Bemetara,https://www.dropbox.com/s/n3s0uiv16ys3jrp/Bemetara_ISM.pdf?dl=0,
Benipatti,https://www.dropbox.com/s/aqzv0qp7wmuu2yz/Benipatti_ISM.pdf?dl=0,
Benipur,https://www.dropbox.com/s/265e309pxbq2vv1/Benipur_ISM.pdf?dl=0,
Beohari,https://www.dropbox.com/s/3cb0g4zzdwmwa7g/Beohari_ISM.pdf?dl=0,
Berasia,https://www.dropbox.com/s/g4epfn37myatux9/Berasia_ISM.pdf?dl=0,
Betada,https://www.dropbox.com/s/utuur77jn9xacb5/Betada_ISM.pdf?dl=0,
Betiah,https://www.dropbox.com/s/puun7sk0yljerc7/Betiah_ISM.pdf?dl=0,
Betma,https://www.dropbox.com/s/gkw4knd9irl47re/Betma_ISM.pdf?dl=0,
Betul,https://www.dropbox.com/s/at0mfgwa9bf818j/Betul_ISM.pdf?dl=0,
Bhadra,https://www.dropbox.com/s/34e2fkrdj7xiu3s/Bhadra_ISM.pdf?dl=0,
Bhadrak,https://www.dropbox.com/s/eiuc5nan6ped2ef/Bhadrak_ISM.pdf?dl=0,
Bhainsdehi,https://www.dropbox.com/s/eyhuk6glbjvpvqg/Bhainsdehi_ISM.pdf?dl=0,
Bhalki,https://www.dropbox.com/s/xh3v8hzvoitl4b9/Bhalki_ISM.pdf?dl=0,
Bhandara,https://www.dropbox.com/s/a05sblogyi2v2p9/Bhandara_ISM.pdf?dl=0,
Bhandaripokhari,https://www.dropbox.com/s/4v9v1i052cabyh8/Bhandaripokhari_ISM.pdf?dl=0,
Bhanegaon,https://www.dropbox.com/s/xrmhkea0pyoykki/Bhanegaon_ISM.pdf?dl=0,
Bhanjanagar,https://www.dropbox.com/s/x8k5g6xufjzwsb5/Bhanjanagar_ISM.pdf?dl=0,
Bhanupratappur,https://www.dropbox.com/s/gnj6r2vhrny12ra/Bhanupratappur_ISM.pdf?dl=0,
Bhatgaon,https://www.dropbox.com/s/5xs4339qd89wrci/Bhatgaon_ISM.pdf?dl=0,
Bhatli,https://www.dropbox.com/s/xjzujwm12872iuo/Bhatli_ISM.pdf?dl=0,
Bhatpur Rani,https://www.dropbox.com/s/oxbpq3vq5j1wnfc/Bhatpur%20Rani_ISM.pdf?dl=0,
Bhawani Mandi,https://www.dropbox.com/s/yhz4sqw6xyoh9s9/Bhawani%20Mandi_ISM.pdf?dl=0,
Bheden,https://www.dropbox.com/s/zku0fjc2h7ai68h/Bheden_ISM.pdf?dl=0,
Bhilai,https://www.dropbox.com/s/khbuqtdw3f3uj4e/Bhilai_ISM.pdf?dl=0,
Bhiloda,https://www.dropbox.com/s/e23swoog45jju1k/Bhiloda_ISM.pdf?dl=0,
Bhilwara,https://www.dropbox.com/s/80efww8ws1bvq26/Bhilwara_ISM.pdf?dl=0,
Bhim,https://www.dropbox.com/s/vchlsm8f6l1cnjl/Bhim_ISM.pdf?dl=0,
Bhinder,https://www.dropbox.com/s/pteyv97usk2rsvj/Bhinder_ISM.pdf?dl=0,
Bhiwani,https://www.dropbox.com/s/dvw2kd9561zu0i4/Bhiwani_ISM.pdf?dl=0,
Bhuban,https://www.dropbox.com/s/78yobtwoy3b1mjv/Bhuban_ISM.pdf?dl=0,
Bhusawal,https://www.dropbox.com/s/u263jjoyql22mp3/Bhusawal_ISM.pdf?dl=0,
Bhusra,https://www.dropbox.com/s/2s2kr8trynrct08/Bhusra_ISM.pdf?dl=0,
Biaora,https://www.dropbox.com/s/us1kgbetdf559zy/Biaora_ISM.pdf?dl=0,
Bicchua,https://www.dropbox.com/s/ttlm9eac5v0i0n2/Bicchua_ISM.pdf?dl=0,
Bidar Rural,https://www.dropbox.com/s/s593jpbmvb89oos/Bidar%20Rural_ISM.pdf?dl=0,
Bidupur,https://www.dropbox.com/s/hd3dq02kmvjy1zy/Bidupur_ISM.pdf?dl=0,
Bihar Sharif,https://www.dropbox.com/s/1nwf6hia7sjpv3q/Bihar%20Sharif_ISM.pdf?dl=0,
Bijnor,https://www.dropbox.com/s/hlsaj7jtpg4j8qo/Bijnor_ISM.pdf?dl=0,
Bijoynagar,https://www.dropbox.com/s/4qhybea0sg81ugk/Bijoynagar_ISM.pdf?dl=0,
Bikramganj,https://www.dropbox.com/s/dr8ltqdaz4sn21h/Bikramganj_ISM.pdf?dl=0,
Bilaspur,https://www.dropbox.com/s/pbax5apxbkxzwwl/Bilaspur_ISM.pdf?dl=0,
Binjharpur,https://www.dropbox.com/s/3alqydtaxesx4jh/Binjharpur_ISM.pdf?dl=0,
Binka,https://www.dropbox.com/s/cdkv5qpncz6chbg/Binka_ISM.pdf?dl=0,
Biraul,https://www.dropbox.com/s/38lwy7nhvdxoecc/Biraul_ISM.pdf?dl=0,
Birmaharajpur,https://www.dropbox.com/s/9k0tckfcpaizjfh/Birmaharajpur_ISM.pdf?dl=0,
Bishalgarh,https://www.dropbox.com/s/dio1usfwynm6xb9/Bishalgarh_ISM.pdf?dl=0,
Biswanath,https://www.dropbox.com/s/ry83z55ppuocuif/Biswanath_ISM.pdf?dl=0,
Blacklisted Area,https://www.dropbox.com/s/8v3en410i7q3ing/Blacklisted%20Area_ISM.pdf?dl=0,
Bodeli,https://www.dropbox.com/s/l7ffiwo7x8610w7/Bodeli_ISM.pdf?dl=0,
Boinda,https://www.dropbox.com/s/qnqh6yl39vqoen8/Boinda_ISM.pdf?dl=0,
Boipariguda,https://www.dropbox.com/s/hw119klcqwuqsx2/Boipariguda_ISM.pdf?dl=0,
Bokakhat,https://www.dropbox.com/s/n3fpx3jy7ht4zg4/Bokakhat_ISM.pdf?dl=0,
Boko,https://www.dropbox.com/s/kcbn9y6xi88am9f/Boko_ISM.pdf?dl=0,
Bolangir,https://www.dropbox.com/s/gczbp2znlw1s1hn/Bolangir_ISM.pdf?dl=0,
Bombey Chhack,https://www.dropbox.com/s/xni4ux7yyp9z6zx/Bombey%20Chhack_ISM.pdf?dl=0,
Bonai,https://www.dropbox.com/s/uihkl3ckvryb15q/Bonai_ISM.pdf?dl=0,
Bonda,https://www.dropbox.com/s/29a3y7a40w9zaco/Bonda_ISM.pdf?dl=0,
Bongaigaon,https://www.dropbox.com/s/ppxca1wdrmq6qsv/Bongaigaon_ISM.pdf?dl=0,
Bonth,https://www.dropbox.com/s/vdzd6f5qtq2yftp/Bonth_ISM.pdf?dl=0,
Boriguma,https://www.dropbox.com/s/399c6r1smxi2h4n/Boriguma_ISM.pdf?dl=0,
Borsad,https://www.dropbox.com/s/w6prulezeqp4wyj/Borsad_ISM.pdf?dl=0,
Botad,https://www.dropbox.com/s/9uwao8last99w1w/Botad_ISM.pdf?dl=0,
Boudh,https://www.dropbox.com/s/qn2avwtvyvu7k0f/Boudh_ISM.pdf?dl=0,
Bounsi,https://www.dropbox.com/s/pntizajqpeknyaf/Bounsi_ISM.pdf?dl=0,
Brahmapuri,https://www.dropbox.com/s/6u2jg32dtmit0vc/Brahmapuri_ISM.pdf?dl=0,
Budbud,https://www.dropbox.com/s/ezg9yanw56xsej2/Budbud_ISM.pdf?dl=0,
Buguda,https://www.dropbox.com/s/87nvuyw2uwhyxx6/Buguda_ISM.pdf?dl=0,
Bulandshahr,https://www.dropbox.com/s/ab7xpx8enjuzxeo/Bulandshahr_ISM.pdf?dl=0,
Buldana,https://www.dropbox.com/s/fiustf2bovdc7xt/Buldana_ISM.pdf?dl=0,
Bundi,https://www.dropbox.com/s/4ewezqkvdpdfssu/Bundi_ISM.pdf?dl=0,
Burhanpur,https://www.dropbox.com/s/44mgmyxz8q6vxzd/Burhanpur_ISM.pdf?dl=0,
Burhar,https://www.dropbox.com/s/x0gcip6ychn6pmu/Burhar_ISM.pdf?dl=0,
Burla,https://www.dropbox.com/s/yo5lz3suz8mrgrc/Burla_ISM.pdf?dl=0,
Chaibasa,https://www.dropbox.com/s/m3mg1qyfx9xcrnc/Chaibasa_ISM.pdf?dl=0,
Chainpur,https://www.dropbox.com/s/z68c8mxvl8i98gf/Chainpur_ISM.pdf?dl=0,
Chaitanyapur,https://www.dropbox.com/s/z2nx9zynzl3xxpf/Chaitanyapur_ISM.pdf?dl=0,
Chakai,https://www.dropbox.com/s/jano3xcvm9cd9dc/Chakai_ISM.pdf?dl=0,
Chakarbhatha,https://www.dropbox.com/s/uiwps55irev3zkp/Chakarbhatha_ISM.pdf?dl=0,
Chakia,https://www.dropbox.com/s/6dp1o2xrrrlhqht/Chakia_ISM.pdf?dl=0,
Chalisgaon,https://www.dropbox.com/s/ps7t52pcmcozdg0/Chalisgaon_ISM.pdf?dl=0,
Chalsa,https://www.dropbox.com/s/1qjmyseyc5l7e7z/Chalsa_ISM.pdf?dl=0,
Champa,https://www.dropbox.com/s/hebhb0uwxbew0tm/Champa_ISM.pdf?dl=0,
Champua,https://www.dropbox.com/s/v0g8m7l4dq5z6y1/Champua_ISM.pdf?dl=0,
Chandapur,https://www.dropbox.com/s/wxcibe2fyeaerp1/Chandapur_ISM.pdf?dl=0,
Chandbali,https://www.dropbox.com/s/6jry910vkhelg4d/Chandbali_ISM.pdf?dl=0,
Chandia,https://www.dropbox.com/s/gtqfaypba1lzccd/Chandia_ISM.pdf?dl=0,
Chandikhole,https://www.dropbox.com/s/trqwtgf6dd82im1/Chandikhole_ISM.pdf?dl=0,
Chandipur,https://www.dropbox.com/s/ea2j5s1m5faut6f/Chandipur_ISM.pdf?dl=0,
Chandragiri,https://www.dropbox.com/s/h7cxvh1z09q6401/Chandragiri_ISM.pdf?dl=0,
Chandrakona Road,https://www.dropbox.com/s/qd3wi003bhmi7lg/Chandrakona%20Road_ISM.pdf?dl=0,
Chandwa,https://www.dropbox.com/s/2pad3agqxpgpvfl/Chandwa_ISM.pdf?dl=0,
Charampa,https://www.dropbox.com/s/lcdmkqne9jyk3mt/Charampa_ISM.pdf?dl=0,
Charkhi Dadri,https://www.dropbox.com/s/7ht6v0fchpjl5qb/Charkhi%20Dadri_ISM.pdf?dl=0,
Chas,https://www.dropbox.com/s/zbbl8ue81dd2bh0/Chas_ISM.pdf?dl=0,
Chatra,https://www.dropbox.com/s/n23f792nvkkuux8/Chatra_ISM.pdf?dl=0,
Chatro,https://www.dropbox.com/s/j11tqdytht145fo/Chatro_ISM.pdf?dl=0,
Chaurai,https://www.dropbox.com/s/rem0606eptfpy6z/Chaurai_ISM.pdf?dl=0,
Chausa Bazar,https://www.dropbox.com/s/kus28wxk8uimldp/Chausa%20Bazar_ISM.pdf?dl=0,
Chhabra,https://www.dropbox.com/s/8sq276h777mi029/Chhabra_ISM.pdf?dl=0,
Chhapara,https://www.dropbox.com/s/3gzenqyigtd9vhr/Chhapara_ISM.pdf?dl=0,
Chhatarpur(MP),https://www.dropbox.com/s/sowfnouf7pq78x8/Chhatarpur%28MP%29_ISM.pdf?dl=0,
Chhatarpur,https://www.dropbox.com/s/ogi3grww17j1915/Chhatarpur_ISM.pdf?dl=0,
Chhatrapur,https://www.dropbox.com/s/wlhwquzbrn9flhn/Chhatrapur_ISM.pdf?dl=0,
Chhendipada,https://www.dropbox.com/s/5hpysa1vo1v9mtc/Chhendipada_ISM.pdf?dl=0,
Chhindwara,https://www.dropbox.com/s/r89js0czq8slv5g/Chhindwara_ISM.pdf?dl=0,
Chicholi,https://www.dropbox.com/s/t8tg3z7dkzmjd43/Chicholi_ISM.pdf?dl=0,
Chikhali,https://www.dropbox.com/s/ybefylqocudwo52/Chikhali_ISM.pdf?dl=0,
Chikiti,https://www.dropbox.com/s/nugom7e34gzd1dy/Chikiti_ISM.pdf?dl=0,
Chimur,https://www.dropbox.com/s/ygwtw11levn8c7s/Chimur_ISM.pdf?dl=0,
Chincholi,https://www.dropbox.com/s/f4z61p1g4vlajm1/Chincholi_ISM.pdf?dl=0,
Chinnamanur,https://www.dropbox.com/s/8c1bf1yy1nqr6y7/Chinnamanur_ISM.pdf?dl=0,
Chirkunda,https://www.dropbox.com/s/ek3ymo1fz5mke0o/Chirkunda_ISM.pdf?dl=0,
Chopda,https://www.dropbox.com/s/txzhy4k86v9pfxo/Chopda_ISM.pdf?dl=0,
Choudwar,https://www.dropbox.com/s/t9nsamfpzmy20ze/Choudwar_ISM.pdf?dl=0,
Contai,https://www.dropbox.com/s/i5ioy54oppk9t21/Contai_ISM.pdf?dl=0,
Dabra,https://www.dropbox.com/s/5cuqr3thw4jaj1u/Dabra_ISM.pdf?dl=0,
Dabwali,https://www.dropbox.com/s/f0vb3d3u14p4tbi/Dabwali_ISM.pdf?dl=0,
Dahod,https://www.dropbox.com/s/p3pb9k0w3v2xcdk/Dahod_ISM.pdf?dl=0,
Dainhat,https://www.dropbox.com/s/391dv7bthivp52u/Dainhat_ISM.pdf?dl=0,
Dalgaon,https://www.dropbox.com/s/tg8aquangusmut8/Dalgaon_ISM.pdf?dl=0,
Dalsinghsarai,https://www.dropbox.com/s/eb42r1d50552mee/Dalsinghsarai_ISM.pdf?dl=0,
Daltonganj,https://www.dropbox.com/s/h0ritybs0lpp17n/Daltonganj_ISM.pdf?dl=0,
Damua,https://www.dropbox.com/s/p3pxng4dl7fxsm9/Damua_ISM.pdf?dl=0,
Danta,https://www.dropbox.com/s/6tz5j3w4z5r6dyq/Danta_ISM.pdf?dl=0,
Daspalla,https://www.dropbox.com/s/gtjyzqaai1q2758/Daspalla_ISM.pdf?dl=0,
Daspur,https://www.dropbox.com/s/zkfs4jg1u403iv3/Daspur_ISM.pdf?dl=0,
Dasuya,https://www.dropbox.com/s/mgfie78g1ev1x6i/Dasuya_ISM.pdf?dl=0,
Datia,https://www.dropbox.com/s/8mw73e9jhgug1dc/Datia_ISM.pdf?dl=0,
Daudnagar,https://www.dropbox.com/s/n3minwt6ra0bpir/Daudnagar_ISM.pdf?dl=0,
Daund,https://www.dropbox.com/s/6u8i5vupvj47bqn/Daund_ISM.pdf?dl=0,
Dediapada,https://www.dropbox.com/s/uh7yl7hx8yutqzy/Dediapada_ISM.pdf?dl=0,
Degana,https://www.dropbox.com/s/mr41m2ioetnjr0m/Degana_ISM.pdf?dl=0,
Dehradun,https://www.dropbox.com/s/p6cdr7lfuloi9uk/Dehradun_ISM.pdf?dl=0,
Dehri,https://www.dropbox.com/s/1zq69dlhpwudkjf/Dehri_ISM.pdf?dl=0,
Deogaon,https://www.dropbox.com/s/vy28frgoleaf93g/Deogaon_ISM.pdf?dl=0,
Deogarh,https://www.dropbox.com/s/v3z1wllbnv7x6z2/Deogarh_ISM.pdf?dl=0,
Deoli,https://www.dropbox.com/s/qgzldepahhsoot8/Deoli_ISM.pdf?dl=0,
Deopur,https://www.dropbox.com/s/cxdwam9ggwnxong/Deopur_ISM.pdf?dl=0,
Deoriya,https://www.dropbox.com/s/r4e2bnfqpnopg78/Deoriya_ISM.pdf?dl=0,
Derabassi,https://www.dropbox.com/s/ogq1x2614qom4pr/Derabassi_ISM.pdf?dl=0,
Dergaon,https://www.dropbox.com/s/5pejtuk2qxkbzie/Dergaon_ISM.pdf?dl=0,
Deulgaon Raja,https://www.dropbox.com/s/v5m7ri6vufkjkao/Deulgaon%20Raja_ISM.pdf?dl=0,
Devakottai,https://www.dropbox.com/s/w77gx29vcwb0bww/Devakottai_ISM.pdf?dl=0,
Devgadh Balia,https://www.dropbox.com/s/0r9hesoqx1defl3/Devgadh%20Balia_ISM.pdf?dl=0,
Devgarh,https://www.dropbox.com/s/92xd2jij6hgioek/Devgarh_ISM.pdf?dl=0,
Dewas,https://www.dropbox.com/s/rqeipdbv86sb5n0/Dewas_ISM.pdf?dl=0,
Dhamdaha,https://www.dropbox.com/s/8um2rc3yazb2l3x/Dhamdaha_ISM.pdf?dl=0,
Dhamnod,https://www.dropbox.com/s/kknv58nqu2olmm7/Dhamnod_ISM.pdf?dl=0,
Dhampur,https://www.dropbox.com/s/7jz4zmpurxaj36v/Dhampur_ISM.pdf?dl=0,
Dhamtari,https://www.dropbox.com/s/co7ptozmad3h5ty/Dhamtari_ISM.pdf?dl=0,
Dhanbad,https://www.dropbox.com/s/fzh2k0r26tg54lq/Dhanbad_ISM.pdf?dl=0,
Dhanduka,https://www.dropbox.com/s/84adculcmcr7z87/Dhanduka_ISM.pdf?dl=0,
Dharamjaigarh,https://www.dropbox.com/s/hzl5id6wlal0baj/Dharamjaigarh_ISM.pdf?dl=0,
Dhariwal,https://www.dropbox.com/s/d2l9mh05y9qdcv6/Dhariwal_ISM.pdf?dl=0,
Dhariyawad,https://www.dropbox.com/s/lkf3b657exvebj4/Dhariyawad_ISM.pdf?dl=0,
Dharmagarh,https://www.dropbox.com/s/bsmqfi9gwy9zrk7/Dharmagarh_ISM.pdf?dl=0,
Dharmanagar,https://www.dropbox.com/s/lq12njnc7vl3w08/Dharmanagar_ISM.pdf?dl=0,
Dharwad,https://www.dropbox.com/s/675p1vp2qu81xwe/Dharwad_ISM.pdf?dl=0,
Dhekiajuli,https://www.dropbox.com/s/9whvyhdxdt561am/Dhekiajuli_ISM.pdf?dl=0,
Dhemaji,https://www.dropbox.com/s/9yj71af85l6rrx0/Dhemaji_ISM.pdf?dl=0,
Dhenkanal,https://www.dropbox.com/s/jt56wo8iy85pknp/Dhenkanal_ISM.pdf?dl=0,
Dhoraya,https://www.dropbox.com/s/lm417dp5g54inhg/Dhoraya_ISM.pdf?dl=0,
Dhule,https://www.dropbox.com/s/s3chi60stzmgsm6/Dhule_ISM.pdf?dl=0,
Dhuliajan,https://www.dropbox.com/s/n7ohkdnhtfztqhh/Dhuliajan_ISM.pdf?dl=0,
Dhusuri,https://www.dropbox.com/s/tnijzr92hnxccyv/Dhusuri_ISM.pdf?dl=0,
Dibrugarh,https://www.dropbox.com/s/ccq0jsqts5oq6rp/Dibrugarh_ISM.pdf?dl=0,
Digapahandi,https://www.dropbox.com/s/h21nrvjq369abbu/Digapahandi_ISM.pdf?dl=0,
Dinanagar,https://www.dropbox.com/s/4b3bai2t228y73s/Dinanagar_ISM.pdf?dl=0,
Dindori,https://www.dropbox.com/s/03tce4fvb9a3bc7/Dindori_ISM.pdf?dl=0,
Dinhata,https://www.dropbox.com/s/pu4mdpf7powbpi9/Dinhata_ISM.pdf?dl=0,
Dipka,https://www.dropbox.com/s/onpp73n1iqoxkpx/Dipka_ISM.pdf?dl=0,
Dobhi,https://www.dropbox.com/s/2lti82u43178676/Dobhi_ISM.pdf?dl=0,
Dongargaon,https://www.dropbox.com/s/3qtqr1a6vof9ki9/Dongargaon_ISM.pdf?dl=0,
Doomdooma,https://www.dropbox.com/s/aw9kqezo08ewsqq/Doomdooma_ISM.pdf?dl=0,
Double Chowki,https://www.dropbox.com/s/wpuend5sj2zuodr/Double%20Chowki_ISM.pdf?dl=0,
Duburi,https://www.dropbox.com/s/n7t3az8f69ljp1e/Duburi_ISM.pdf?dl=0,
Dumariya,https://www.dropbox.com/s/3eex272wvjfk4xh/Dumariya_ISM.pdf?dl=0,
Dumchanch,https://www.dropbox.com/s/ctyc3c3u3eazurw/Dumchanch_ISM.pdf?dl=0,
Dunawa,https://www.dropbox.com/s/nj97cofrbso40rg/Dunawa_ISM.pdf?dl=0,
Dungarpur,https://www.dropbox.com/s/sojjehssj2i51z7/Dungarpur_ISM.pdf?dl=0,
Dunguripali,https://www.dropbox.com/s/fvlwcxzqfj0i3kg/Dunguripali_ISM.pdf?dl=0,
Durgapur,https://www.dropbox.com/s/u2u84nexu2fxn7c/Durgapur_ISM.pdf?dl=0,
Egra,https://www.dropbox.com/s/xg7detnr5b13p9d/Egra_ISM.pdf?dl=0,
Falakata,https://www.dropbox.com/s/uy0r978i1augrpd/Falakata_ISM.pdf?dl=0,
Falna,https://www.dropbox.com/s/fbuu51he74xbcn9/Falna_ISM.pdf?dl=0,
Faridkot,https://www.dropbox.com/s/7x9i7ejyioi99aa/Faridkot_ISM.pdf?dl=0,
Fatehabad,https://www.dropbox.com/s/v3gx60n9mq10vf7/Fatehabad_ISM.pdf?dl=0,
Fatehgarh Churiyan 2,https://www.dropbox.com/s/xd6t5p0b7aq6om3/Fatehgarh%20Churiyan%202_ISM.pdf?dl=0,fategarhchurian
Fatehgarh Churiyan,https://www.dropbox.com/s/qbnjrgxlb8l69h9/Fatehgarh%20Churiyan_ISM.pdf?dl=0,
Fatehnagar,https://www.dropbox.com/s/b8qxxqlt936bn08/Fatehnagar_ISM.pdf?dl=0,
Fatehpur(Bh),https://www.dropbox.com/s/kja1chdldk0o1m4/Fatehpur%28Bh%29_ISM.pdf?dl=0,
Fatehpur(RJ),https://www.dropbox.com/s/q8cogtnap1wp4gw/Fatehpur%28RJ%29_ISM.pdf?dl=0,
Fatuah,https://www.dropbox.com/s/s6dzacv4hp8rmy6/Fatuah_ISM.pdf?dl=0,
Forbesganj,https://www.dropbox.com/s/yhuel2drsrda2uo/Forbesganj_ISM.pdf?dl=0,
Forbesganj-2,https://www.dropbox.com/s/0dd120i8i3iq4l0/Forbesganj-2_ISM.pdf?dl=0,
Gadag,https://www.dropbox.com/s/9n4lxagwazdpvrs/Gadag_ISM.pdf?dl=0,
Gadhada,https://www.dropbox.com/s/v5nkgy2henyo3z0/Gadhada_ISM.pdf?dl=0,
Gaisilat,https://www.dropbox.com/s/ydjbj74zjeg41fm/Gaisilat_ISM.pdf?dl=0,
Gambharimunda,https://www.dropbox.com/s/xi3hjg2bml6tfc2/Gambharimunda_ISM.pdf?dl=0,
Gandarvakottai,https://www.dropbox.com/s/gjp0ieinkovay1r/Gandarvakottai_ISM.pdf?dl=0,
Gangapur,https://www.dropbox.com/s/7sgs0bkcelyhd9a/Gangapur_ISM.pdf?dl=0,
Gangarampur,https://www.dropbox.com/s/2xpj9nlzoazkqgo/Gangarampur_ISM.pdf?dl=0,
Gangavathi,https://www.dropbox.com/s/x1253jz65qzcbql/Gangavathi_ISM.pdf?dl=0,
Gania,https://www.dropbox.com/s/hme7xxf0yuuhtf5/Gania_ISM.pdf?dl=0,
Garh Mukteshwar,https://www.dropbox.com/s/72er8d6wfxwr8vt/Garh%20Mukteshwar_ISM.pdf?dl=0,
Garhwah,https://www.dropbox.com/s/55ehtn43e5137iw/Garhwah_ISM.pdf?dl=0,
Gariaband,https://www.dropbox.com/s/3xgs3g8x2slcvml/Gariaband_ISM.pdf?dl=0,
Garkha,https://www.dropbox.com/s/arel32q0rg6gax1/Garkha_ISM.pdf?dl=0,
Gauri Bazar,https://www.dropbox.com/s/wqj9crpi8bbnc06/Gauri%20Bazar_ISM.pdf?dl=0,
Gawan,https://www.dropbox.com/s/can890th0k7tkr5/Gawan_ISM.pdf?dl=0,
Georai,https://www.dropbox.com/s/1ylam1q1d79h23r/Georai_ISM.pdf?dl=0,
Gerabari,https://www.dropbox.com/s/fpj5hil24wx0fh5/Gerabari_ISM.pdf?dl=0,
Ghansor,https://www.dropbox.com/s/rh58gkkfrj0eq7j/Ghansor_ISM.pdf?dl=0,
Gharaunda,https://www.dropbox.com/s/31kqvkjj2rptojl/Gharaunda_ISM.pdf?dl=0,
Gharghoda,https://www.dropbox.com/s/qx9cj47jgukwq25/Gharghoda_ISM.pdf?dl=0,
Gharsana,https://www.dropbox.com/s/48vsitgudu0zyvw/Gharsana_ISM.pdf?dl=0,
Ghatgaon,https://www.dropbox.com/s/sih6vrhova11haw/Ghatgaon_ISM.pdf?dl=0,
Ghatol,https://www.dropbox.com/s/umlgekn9wj6spk2/Ghatol_ISM.pdf?dl=0,
Ghorasahan,https://www.dropbox.com/s/6ld0eoozqsu0vh6/Ghorasahan_ISM.pdf?dl=0,
Gidderbaha,https://www.dropbox.com/s/lav19y6zucx2nfd/Gidderbaha_ISM.pdf?dl=0,
Giridih,https://www.dropbox.com/s/wo9dsy7nsqpy051/Giridih_ISM.pdf?dl=0,
Goaltore,https://www.dropbox.com/s/161lzw7bgx65ea0/Goaltore_ISM.pdf?dl=0,
Godda,https://www.dropbox.com/s/lqntpyzlmn2h8mc/Godda_ISM.pdf?dl=0,
Godhra,https://www.dropbox.com/s/rb7ztl6ki30mjl4/Godhra_ISM.pdf?dl=0,
Gogamukh,https://www.dropbox.com/s/m3tsl1u8lx2ghnb/Gogamukh_ISM.pdf?dl=0,
Gogri,https://www.dropbox.com/s/6fe1yqpvad17zzm/Gogri_ISM.pdf?dl=0,
Goh,https://www.dropbox.com/s/shi5l98nipqej8i/Goh_ISM.pdf?dl=0,
Gohana,https://www.dropbox.com/s/oam9rmpg0873s2n/Gohana_ISM.pdf?dl=0,
Gohpur,https://www.dropbox.com/s/5u2z1xl8z6vlioi/Gohpur_ISM.pdf?dl=0,
Golaghat,https://www.dropbox.com/s/1vjq4d9rqqz27mv/Golaghat_ISM.pdf?dl=0,
Gondia,https://www.dropbox.com/s/7vgqkp0baxikdlo/Gondia_ISM.pdf?dl=0,
Goniana,https://www.dropbox.com/s/j61l534zl2fkufg/Goniana_ISM.pdf?dl=0,
Gopalpur,https://www.dropbox.com/s/z13hre04p524jju/Gopalpur_ISM.pdf?dl=0,
Gopiballabhpur,https://www.dropbox.com/s/bo6rtpwkuqie6d5/Gopiballabhpur_ISM.pdf?dl=0,
Goraul,https://www.dropbox.com/s/4v8x808esgpz08x/Goraul_ISM.pdf?dl=0,
Goreswar,https://www.dropbox.com/s/eisoc53wadttxml/Goreswar_ISM.pdf?dl=0,
Gotegaon,https://www.dropbox.com/s/5uzvnnkstfut6uz/Gotegaon_ISM.pdf?dl=0,
Gudgaon,https://www.dropbox.com/s/ua6ulfkfvh8gjhv/Gudgaon_ISM.pdf?dl=0,
Gulabpura,https://www.dropbox.com/s/0ez95wosdwo97mx/Gulabpura_ISM.pdf?dl=0,
Gulbarga Rural,https://www.dropbox.com/s/5ianmfqk6yt83zi/Gulbarga%20Rural_ISM.pdf?dl=0,
Gumla,https://www.dropbox.com/s/zoiipukfbqdiou6/Gumla_ISM.pdf?dl=0,
Guna,https://www.dropbox.com/s/w5t62ad3mh7eg06/Guna_ISM.pdf?dl=0,
Gunupur,https://www.dropbox.com/s/kw4cdv8mn6mjtsm/Gunupur_ISM.pdf?dl=0,
Guraru,https://www.dropbox.com/s/0wd0078z4jrfblp/Guraru_ISM.pdf?dl=0,
Gurdaspur,https://www.dropbox.com/s/w78py5auzlewllz/Gurdaspur_ISM.pdf?dl=0,
Hamirpur,https://www.dropbox.com/s/8sv3q44fing4lny/Hamirpur_ISM.pdf?dl=0,
Hansdiha,https://www.dropbox.com/s/7hgeih2uai6v1pe/Hansdiha_ISM.pdf?dl=0,
Hanumangarh,https://www.dropbox.com/s/49i9pomhpi2n8p4/Hanumangarh_ISM.pdf?dl=0,
Harai,https://www.dropbox.com/s/9duxf6y1moypz53/Harai_ISM.pdf?dl=0,
Harchowal,https://www.dropbox.com/s/l3nyyf3x7g4h0ti/Harchowal_ISM.pdf?dl=0,
Harda,https://www.dropbox.com/s/rl8xwewi5re102e/Harda_ISM.pdf?dl=0,
Hargobindpur,https://www.dropbox.com/s/ydo657eusxjui1d/Hargobindpur_ISM.pdf?dl=0,
Haridwar,https://www.dropbox.com/s/rsjvmorrsxyr7fn/Haridwar_ISM.pdf?dl=0,
Harsud,https://www.dropbox.com/s/ay2nskdkn0ll8ht/Harsud_ISM.pdf?dl=0,
Hasanpur,https://www.dropbox.com/s/qszf8mt84hpsyxh/Hasanpur_ISM.pdf?dl=0,
Hasimara,https://www.dropbox.com/s/e8dmcr35wtwgo2y/Hasimara_ISM.pdf?dl=0,
Hata,https://www.dropbox.com/s/byyske3urxeedv1/Hata_ISM.pdf?dl=0,
Hathwa,https://www.dropbox.com/s/fgcorcvm4ye9qcu/Hathwa_ISM.pdf?dl=0,
Hatpipaliya,https://www.dropbox.com/s/hgtgtg3wclkvyb6/Hatpipaliya_ISM.pdf?dl=0,
Hatta,https://www.dropbox.com/s/w77y9ysrd7hw2wv/Hatta_ISM.pdf?dl=0,
Haveri,https://www.dropbox.com/s/5c9qpqfbddgggm2/Haveri_ISM.pdf?dl=0,
Hemgiri,https://www.dropbox.com/s/ylsvtr9fgqz57ib/Hemgiri_ISM.pdf?dl=0,
Hilsa,https://www.dropbox.com/s/9gt1evkkzagf9dj/Hilsa_ISM.pdf?dl=0,
Hingna,https://www.dropbox.com/s/natqxkhr88lxpun/Hingna_ISM.pdf?dl=0,
Hingoli,https://www.dropbox.com/s/5jo4zdjglqhj9pk/Hingoli_ISM.pdf?dl=0,
Hinjilicut,https://www.dropbox.com/s/sxpocnbi7u95i5w/Hinjilicut_ISM.pdf?dl=0,
Hisar,https://www.dropbox.com/s/596yiui8q9xm8p6/Hisar_ISM.pdf?dl=0,
Holal,https://www.dropbox.com/s/0afv5nkefvd53y7/Holal_ISM.pdf?dl=0,
Hoshiarpur,https://www.dropbox.com/s/rhxn3mlnyue357y/Hoshiarpur_ISM.pdf?dl=0,
Howly,https://www.dropbox.com/s/prolf28rwcjvghj/Howly_ISM.pdf?dl=0,
Humnabad,https://www.dropbox.com/s/sdlqfq18lrxqmt4/Humnabad_ISM.pdf?dl=0,
Ilkal,https://www.dropbox.com/s/5wfkc5zhqpiqrql/Ilkal_ISM.pdf?dl=0,
Indanpur,https://www.dropbox.com/s/72ekxa3t1qxrsh2/Indanpur_ISM.pdf?dl=0,
Indri,https://www.dropbox.com/s/323hzp6p0lkny1d/Indri_ISM.pdf?dl=0,
Islampur,https://www.dropbox.com/s/v3s1x223i14x2qj/Islampur_ISM.pdf?dl=0,
Itarsi,https://www.dropbox.com/s/ggtcdeboy88coye/Itarsi_ISM.pdf?dl=0,
Itawa,https://www.dropbox.com/s/ufysurr8nym1vkj/Itawa_ISM.pdf?dl=0,
Itkhori,https://www.dropbox.com/s/kvjvkjwn16a68ng/Itkhori_ISM.pdf?dl=0,
Jagannath Prasad,https://www.dropbox.com/s/jt9301if3jk5lr2/Jagannath%20Prasad_ISM.pdf?dl=0,
Jagannath Vihar,https://www.dropbox.com/s/9t0avhnrles2weh/Jagannath%20Vihar_ISM.pdf?dl=0,
Jagdalpur,https://www.dropbox.com/s/xh8wvp1snc9y351/Jagdalpur_ISM.pdf?dl=0,
Jagdishpur(bhagalpur),https://www.dropbox.com/s/kgeo078hfksr8t6/Jagdishpur%28bhagalpur%29_ISM.pdf?dl=0,
Jagdishpur,https://www.dropbox.com/s/hz0cuw5wyhvnxp5/Jagdishpur_ISM.pdf?dl=0,
Jagiroad,https://www.dropbox.com/s/kdipoiawn4a5q49/Jagiroad_ISM.pdf?dl=0,
Jainagar,https://www.dropbox.com/s/mee43yr5vzxquz1/Jainagar_ISM.pdf?dl=0,
Jaipatna,https://www.dropbox.com/s/u34ari5p8kodb99/Jaipatna_ISM.pdf?dl=0,
Jaisinghnagar,https://www.dropbox.com/s/hvhtf781rjeketb/Jaisinghnagar_ISM.pdf?dl=0,
Jaisinghnagar-2,https://www.dropbox.com/s/8kemcfvajkpcpyl/Jaisinghnagar-2_ISM.pdf?dl=0,
Jaitpur,https://www.dropbox.com/s/6fip8an8aht26pb/Jaitpur_ISM.pdf?dl=0,
Jajpur Road,https://www.dropbox.com/s/hsqljlwfhkdma1c/Jajpur%20Road_ISM.pdf?dl=0,
Jajpur Town,https://www.dropbox.com/s/x5ayquc9xke8meb/Jajpur%20Town_ISM.pdf?dl=0,
Jaleswar,https://www.dropbox.com/s/h93lroth9bofwfz/Jaleswar_ISM.pdf?dl=0,
Jalgaon,https://www.dropbox.com/s/g1tvpk2319iv7jp/Jalgaon_ISM.pdf?dl=0,
Jamui,https://www.dropbox.com/s/1o7taizjf3jcqcx/Jamui_ISM.pdf?dl=0,
Jandiala 2,https://www.dropbox.com/s/qjyos5chbybzejb/Jandiala%202_ISM.pdf?dl=0,
Jandiala,https://www.dropbox.com/s/253mfehr2gnzbgf/Jandiala_ISM.pdf?dl=0,
Jaora,https://www.dropbox.com/s/uqop6se365adc8g/Jaora_ISM.pdf?dl=0,
Jehanabad,https://www.dropbox.com/s/utgolhpmc20bc0t/Jehanabad_ISM.pdf?dl=0,
Jewargi,https://www.dropbox.com/s/6vflqqeu2ggbdop/Jewargi_ISM.pdf?dl=0,
Jeypore,https://www.dropbox.com/s/67syxndljd9dcqo/Jeypore_ISM.pdf?dl=0,
Jhabua,https://www.dropbox.com/s/pd4it88o4kc3ash/Jhabua_ISM.pdf?dl=0,
Jhadol,https://www.dropbox.com/s/lv81g66n7y4db07/Jhadol_ISM.pdf?dl=0,
Jhajha,https://www.dropbox.com/s/l8s36b5v0pe7ctm/Jhajha_ISM.pdf?dl=0,
Jhajjar,https://www.dropbox.com/s/cy6eb22fj3iggze/Jhajjar_ISM.pdf?dl=0,
Jhalawar,https://www.dropbox.com/s/780a057523cktya/Jhalawar_ISM.pdf?dl=0,
Jhalod,https://www.dropbox.com/s/s9pghabkn63rlow/Jhalod_ISM.pdf?dl=0,
Jhalwar,https://www.dropbox.com/s/koeqmef6fvcenol/Jhalwar_ISM.pdf?dl=0,
Jhanjharpur,https://www.dropbox.com/s/hhp1m2clqh1arw5/Jhanjharpur_ISM.pdf?dl=0,
Jharbandh,https://www.dropbox.com/s/73ac0yocam72qaa/Jharbandh_ISM.pdf?dl=0,
Jharsuguda,https://www.dropbox.com/s/yfzueiilv8gsrv3/Jharsuguda_ISM.pdf?dl=0,
Jhunjhunu,https://www.dropbox.com/s/l9tbumu8ftwfrmh/Jhunjhunu_ISM.pdf?dl=0,
Jirania,https://www.dropbox.com/s/t8jbjhdg1qjetrk/Jirania_ISM.pdf?dl=0,
Jirapur,https://www.dropbox.com/s/z87slagbh5oi2wh/Jirapur_ISM.pdf?dl=0,
Joda,https://www.dropbox.com/s/47chbkc2y5m4e6b/Joda_ISM.pdf?dl=0,
Jojawar,https://www.dropbox.com/s/5c7ih5ck1ay8yws/Jojawar_ISM.pdf?dl=0,
Jorhat,https://www.dropbox.com/s/dc44jrpr7jm0ku6/Jorhat_ISM.pdf?dl=0,
Joya,https://www.dropbox.com/s/0l21lozxoqc0e50/Joya_ISM.pdf?dl=0,
Junagarh,https://www.dropbox.com/s/v0ab61sz7ii4uil/Junagarh_ISM.pdf?dl=0,
Junnardeo,https://www.dropbox.com/s/op75xskclc4kb0v/Junnardeo_ISM.pdf?dl=0,
Kahalgaon,https://www.dropbox.com/s/rj948ddpbnknqq1/Kahalgaon_ISM.pdf?dl=0,
Kaithal,https://www.dropbox.com/s/1tqr0j3j7fwrkps/Kaithal_ISM.pdf?dl=0,
Kalayat,https://www.dropbox.com/s/jlbct67ar8bd1i9/Kalayat_ISM.pdf?dl=0,
Kalimela,https://www.dropbox.com/s/lc16j0lrev3p959/Kalimela_ISM.pdf?dl=0,
Kalimpong,https://www.dropbox.com/s/mu5xhhz55zfmwpp/Kalimpong_ISM.pdf?dl=0,
Kalugumalai,https://www.dropbox.com/s/cwa8gg2q65313nq/Kalugumalai_ISM.pdf?dl=0,
Kamakhaguri,https://www.dropbox.com/s/2zjkkbxfwrr66w0/Kamakhaguri_ISM.pdf?dl=0,
Kamakhyanagar,https://www.dropbox.com/s/7y8lvkjcj8nq7x3/Kamakhyanagar_ISM.pdf?dl=0,
Kampur,https://www.dropbox.com/s/wt6woza7qug3d8q/Kampur_ISM.pdf?dl=0,
Kamtaul,https://www.dropbox.com/s/oczm8n8ay3ej5zm/Kamtaul_ISM.pdf?dl=0,
Kanchanpur,https://www.dropbox.com/s/150aww2o231xnw2/Kanchanpur_ISM.pdf?dl=0,
Kandi,https://www.dropbox.com/s/mloja50mhohpsyv/Kandi_ISM.pdf?dl=0,
Kaniha,https://www.dropbox.com/s/68s1f28jlyknt4a/Kaniha_ISM.pdf?dl=0,
Kanke,https://www.dropbox.com/s/onvcf6fbh56kp9p/Kanke_ISM.pdf?dl=0,
Kanker,https://www.dropbox.com/s/bp1ucxg04tegzp5/Kanker_ISM.pdf?dl=0,
Kannad,https://www.dropbox.com/s/nakvzoprrd7jur2/Kannad_ISM.pdf?dl=0,
Kannod,https://www.dropbox.com/s/1xhnhcbvj0f6j02/Kannod_ISM.pdf?dl=0,
Kantabhanji,https://www.dropbox.com/s/cxgxyo9hdkvqvjg/Kantabhanji_ISM.pdf?dl=0,
Kantamal,https://www.dropbox.com/s/ivxgghcgibtee2z/Kantamal_ISM.pdf?dl=0,
Kantaphod,https://www.dropbox.com/s/sjczyjeyz8xkgld/Kantaphod_ISM.pdf?dl=0,
Kantillo,https://www.dropbox.com/s/4io5pvn0huy4dih/Kantillo_ISM.pdf?dl=0,
Kapren,https://www.dropbox.com/s/ewbmrpdghn3afq2/Kapren_ISM.pdf?dl=0,
Kaptanganj,https://www.dropbox.com/s/j1azudxjljhyctz/Kaptanganj_ISM.pdf?dl=0,
Karanja Lad,https://www.dropbox.com/s/p3b8xrrm0l67b8s/Karanja%20Lad_ISM.pdf?dl=0,
Karanjamal,https://www.dropbox.com/s/nt9ymcx5efqd4bb/Karanjamal_ISM.pdf?dl=0,
Karanjia,https://www.dropbox.com/s/e10nk7vusjocnvl/Karanjia_ISM.pdf?dl=0,
Karera,https://www.dropbox.com/s/yapv3vvaw02b42l/Karera_ISM.pdf?dl=0,
Kashipur,https://www.dropbox.com/s/t78wn2mvtnyaw91/Kashipur_ISM.pdf?dl=0,
Katangi,https://www.dropbox.com/s/owds0qucfb47ukv/Katangi_ISM.pdf?dl=0,
Katihar,https://www.dropbox.com/s/1gudr7hlni5ai1r/Katihar_ISM.pdf?dl=0,
Katni,https://www.dropbox.com/s/n94bgyufuq93uh8/Katni_ISM.pdf?dl=0,
Katol,https://www.dropbox.com/s/6ao6qmv7tdofd86/Katol_ISM.pdf?dl=0,
Katoria,https://www.dropbox.com/s/xluji42lv2jcrbz/Katoria_ISM.pdf?dl=0,
Kayathar,https://www.dropbox.com/s/yfaua0f9y943uv3/Kayathar_ISM.pdf?dl=0,
Kekri,https://www.dropbox.com/s/vd6ho0yfj5mlz3z/Kekri_ISM.pdf?dl=0,
Keolari,https://www.dropbox.com/s/xz5og8x6plelwoa/Keolari_ISM.pdf?dl=0,
Keonjhar,https://www.dropbox.com/s/994ld00j3aocxx1/Keonjhar_ISM.pdf?dl=0,
Kesariya,https://www.dropbox.com/s/x66p2bfim618nsl/Kesariya_ISM.pdf?dl=0,
Kesariyaji,https://www.dropbox.com/s/w479v3kqq7hjxyc/Kesariyaji_ISM.pdf?dl=0,
Keshkal,https://www.dropbox.com/s/oml8wwt1sw1l9gn/Keshkal_ISM.pdf?dl=0,
Kesinga,https://www.dropbox.com/s/l2tsn88itm2hec4/Kesinga_ISM.pdf?dl=0,
Khagaria,https://www.dropbox.com/s/iwlfj8hx47k9b4c/Khagaria_ISM.pdf?dl=0,
Khaira,https://www.dropbox.com/s/z95itbuwgdfnwc2/Khaira_ISM.pdf?dl=0,
Khairagarh,https://www.dropbox.com/s/7rqghf8e6ntfr49/Khairagarh_ISM.pdf?dl=0,
Khairlanji,https://www.dropbox.com/s/hj85yijsefkxrlp/Khairlanji_ISM.pdf?dl=0,
Khajani,https://www.dropbox.com/s/faq28y66al4ki89/Khajani_ISM.pdf?dl=0,
Khajuriakata,https://www.dropbox.com/s/2yky7sp9tk8i0gj/Khajuriakata_ISM.pdf?dl=0,
Khajuwala,https://www.dropbox.com/s/2s17akayxl7skrr/Khajuwala_ISM.pdf?dl=0,
Khaknar,https://www.dropbox.com/s/ocdlb1kswljh4bt/Khaknar_ISM.pdf?dl=0,
Khalikote,https://www.dropbox.com/s/lvw2v920am1i4na/Khalikote_ISM.pdf?dl=0,
Khalwa,https://www.dropbox.com/s/63cdf8etlu36yau/Khalwa_ISM.pdf?dl=0,
Khamano,https://www.dropbox.com/s/mpi034h9brlijxx/Khamano_ISM.pdf?dl=0,
Khamar,https://www.dropbox.com/s/o1f0vcbfsi9es7n/Khamar_ISM.pdf?dl=0,
Khandwa,https://www.dropbox.com/s/boshrr2wjdshryt/Khandwa_ISM.pdf?dl=0,
Khargone,https://www.dropbox.com/s/jqimmf8m0z3v3f2/Khargone_ISM.pdf?dl=0,
Khatu Shyam,https://www.dropbox.com/s/jqztow0u9nwht8q/Khatu%20Shyam_ISM.pdf?dl=0,
Kheda,https://www.dropbox.com/s/mmn7dqbd39etp51/Kheda_ISM.pdf?dl=0,
Khejuri,https://www.dropbox.com/s/52wdrtxmaz18e9m/Khejuri_ISM.pdf?dl=0,
Khirkiya,https://www.dropbox.com/s/rj4hc5ua645r8uo/Khirkiya_ISM.pdf?dl=0,
Khowai,https://www.dropbox.com/s/b1ht9v8i28lt0d3/Khowai_ISM.pdf?dl=0,
Khunti,https://www.dropbox.com/s/c6dbfkskfrw5jau/Khunti_ISM.pdf?dl=0,
Khurda-1,https://www.dropbox.com/s/o0pry0oz4fq7brh/Khurda-1_ISM.pdf?dl=0,
Khurda-2,https://www.dropbox.com/s/i1ubdg6h0qrwt9v/Khurda-2_ISM.pdf?dl=0,
Khutauna,https://www.dropbox.com/s/0ntijer2lujfmq9/Khutauna_ISM.pdf?dl=0,
Kishorenagar,https://www.dropbox.com/s/rl73cs4ug652vfw/Kishorenagar_ISM.pdf?dl=0,
Kodala,https://www.dropbox.com/s/rnn9run8mwt1sp7/Kodala_ISM.pdf?dl=0,
Kolhui Bazar,https://www.dropbox.com/s/iwmrqcmop63yved/Kolhui%20Bazar_ISM.pdf?dl=0,
Komana,https://www.dropbox.com/s/gopfha79rb0ne4c/Komana_ISM.pdf?dl=0,
Kondagaon,https://www.dropbox.com/s/a3h9vcxp8z56ore/Kondagaon_ISM.pdf?dl=0,
Koraput,https://www.dropbox.com/s/kbk3ro5yw2yrjvb/Koraput_ISM.pdf?dl=0,
Korba,https://www.dropbox.com/s/fuliu4wu6euparh/Korba_ISM.pdf?dl=0,
Kotpad,https://www.dropbox.com/s/don91q9gi5qh8um/Kotpad_ISM.pdf?dl=0,
Kotwa,https://www.dropbox.com/s/pvgsnxgp736q7er/Kotwa_ISM.pdf?dl=0,
Krushnaprasad,https://www.dropbox.com/s/7i7a74ngwn6k421/Krushnaprasad_ISM.pdf?dl=0,
Kuakhia,https://www.dropbox.com/s/bw6fn7yia6bh47n/Kuakhia_ISM.pdf?dl=0,
Kuchaikote,https://www.dropbox.com/s/sg4o4okckigkmsb/Kuchaikote_ISM.pdf?dl=0,
Kuchinda,https://www.dropbox.com/s/dlif3ax53y0sb5s/Kuchinda_ISM.pdf?dl=0,
Kudra,https://www.dropbox.com/s/4wxrbo65tgnlkt0/Kudra_ISM.pdf?dl=0,
Kumarghat,https://www.dropbox.com/s/agu6tgoznjv9oyr/Kumarghat_ISM.pdf?dl=0,
Kundam,https://www.dropbox.com/s/g05w7n40epmiqm0/Kundam_ISM.pdf?dl=0,
Kunkuri,https://www.dropbox.com/s/4g1fdt9t7zgxar7/Kunkuri_ISM.pdf?dl=0,
Kursela,https://www.dropbox.com/s/t646em86intm21q/Kursela_ISM.pdf?dl=0,
Kurseong,https://www.dropbox.com/s/8a0tpnfrirycxq7/Kurseong_ISM.pdf?dl=0,
Lahunipara,https://www.dropbox.com/s/0macet7y8nr301m/Lahunipara_ISM.pdf?dl=0,
Lakhan Majra,https://www.dropbox.com/s/bd441snm3duv8vq/Lakhan%20Majra_ISM.pdf?dl=0,
Lakhisarai,https://www.dropbox.com/s/r0qgflullgyavfw/Lakhisarai_ISM.pdf?dl=0,
Lakshmipur,https://www.dropbox.com/s/rqxtrvr04hzdj6y/Lakshmipur_ISM.pdf?dl=0,
Lalbarra,https://www.dropbox.com/s/589333kkqruf446/Lalbarra_ISM.pdf?dl=0,
Lalganj,https://www.dropbox.com/s/043kvfy0ibga1fp/Lalganj_ISM.pdf?dl=0,
Laluk,https://www.dropbox.com/s/o9egh457egsjhcx/Laluk_ISM.pdf?dl=0,
Lanji,https://www.dropbox.com/s/odysb0lkvgbtt1y/Lanji_ISM.pdf?dl=0,
Lanka,https://www.dropbox.com/s/5voas2hghrvugbi/Lanka_ISM.pdf?dl=0,
Leheragaga,https://www.dropbox.com/s/fyeqsal6e5tl95o/Leheragaga_ISM.pdf?dl=0,
Leheriyasarai,https://www.dropbox.com/s/5himxr97smnhjrw/Leheriyasarai_ISM.pdf?dl=0,
Limdi,https://www.dropbox.com/s/g6bo5ppxw4rxb4x/Limdi_ISM.pdf?dl=0,
Lingasugur,https://www.dropbox.com/s/d0goluisqmquelf/Lingasugur_ISM.pdf?dl=0,
Loharu,https://www.dropbox.com/s/xwy8cnqui6e570g/Loharu_ISM.pdf?dl=0,
Lormi,https://www.dropbox.com/s/jn22xjij127tmq4/Lormi_ISM.pdf?dl=0,
Madanpur,https://www.dropbox.com/s/yndkskob8jtatw4/Madanpur_ISM.pdf?dl=0,
Madathukulam,https://www.dropbox.com/s/b0p3npb67qdknrz/Madathukulam_ISM.pdf?dl=0,
Madhepura,https://www.dropbox.com/s/mc8gogyqdyrk4fv/Madhepura_ISM.pdf?dl=0,
Madhuban,https://www.dropbox.com/s/94nt3mhpcmn0a11/Madhuban_ISM.pdf?dl=0,
Madhubani,https://www.dropbox.com/s/dr6chjimbf0pr9y/Madhubani_ISM.pdf?dl=0,
Mahagama,https://www.dropbox.com/s/hr5aihxs6bxfkr6/Mahagama_ISM.pdf?dl=0,
Mahendragarh,https://www.dropbox.com/s/mol1dq34n3p6u7f/Mahendragarh_ISM.pdf?dl=0,
Mahilpur,https://www.dropbox.com/s/woi1qyoxcz7xb5g/Mahilpur_ISM.pdf?dl=0,
Mahnar,https://www.dropbox.com/s/8pvlomzli6fanva/Mahnar_ISM.pdf?dl=0,
Mahua,https://www.dropbox.com/s/89pjbf9g2ahw5w8/Mahua_ISM.pdf?dl=0,
Maihar,https://www.dropbox.com/s/cy9xt5v91gtuxls/Maihar_ISM.pdf?dl=0,
Mairwa,https://www.dropbox.com/s/4kpsqgi4r8xw0sy/Mairwa_ISM.pdf?dl=0,
Majhauli,https://www.dropbox.com/s/jbdbw97h26x77gn/Majhauli_ISM.pdf?dl=0,
Majholi,https://www.dropbox.com/s/cqixtvy52zyyo33/Majholi_ISM.pdf?dl=0,
Majorganj,https://www.dropbox.com/s/v226pqiybzfuc6l/Majorganj_ISM.pdf?dl=0,
Maksi,https://www.dropbox.com/s/tk15avj44dklefh/Maksi_ISM.pdf?dl=0,
Maksudangarh,https://www.dropbox.com/s/znvox0oh2clbw16/Maksudangarh_ISM.pdf?dl=0,
Malegaon Jahangir,https://www.dropbox.com/s/g10gzkb35g02nw0/Malegaon%20Jahangir_ISM.pdf?dl=0,
Malegaon,https://www.dropbox.com/s/6djqvx3ygqcc070/Malegaon_ISM.pdf?dl=0,
Malkangiri,https://www.dropbox.com/s/or2cgw5wtu54w5b/Malkangiri_ISM.pdf?dl=0,
Malkapur,https://www.dropbox.com/s/pdnjx3abf7mk4ej/Malkapur_ISM.pdf?dl=0,
Malpura,https://www.dropbox.com/s/9e3nzmj5zfw67ck/Malpura_ISM.pdf?dl=0,
Manapparai,https://www.dropbox.com/s/3gdipbmszrgnaat/Manapparai_ISM.pdf?dl=0,
Manasa,https://www.dropbox.com/s/23wmfhjmo5tt9m9/Manasa_ISM.pdf?dl=0,
Manawar,https://www.dropbox.com/s/l6b78rrf9d63gil/Manawar_ISM.pdf?dl=0,
Mandalgarh,https://www.dropbox.com/s/fqq48qwr8qicer9/Mandalgarh_ISM.pdf?dl=0,
Mandi,https://www.dropbox.com/s/gxowjuu83aov1o9/Mandi_ISM.pdf?dl=0,
Mandideep,https://www.dropbox.com/s/bytw5zr5ng9f28y/Mandideep_ISM.pdf?dl=0,
Mandir Hasaud,https://www.dropbox.com/s/ag27us695fxarwz/Mandir%20Hasaud_ISM.pdf?dl=0,
Mandla,https://www.dropbox.com/s/2v60enw0a9js174/Mandla_ISM.pdf?dl=0,
Mandsaur,https://www.dropbox.com/s/pb0jmcpy790gt32/Mandsaur_ISM.pdf?dl=0,
Mandvi,https://www.dropbox.com/s/jnovixnu2atl2zm/Mandvi_ISM.pdf?dl=0,
Manendragarh,https://www.dropbox.com/s/zrf283fn1hp94au/Manendragarh_ISM.pdf?dl=0,
Mangaldoi,https://www.dropbox.com/s/o14y8h41h7jleal/Mangaldoi_ISM.pdf?dl=0,
Mangalpur,https://www.dropbox.com/s/zyxco8oeo8k28v4/Mangalpur_ISM.pdf?dl=0,
Manjhaul,https://www.dropbox.com/s/wx04ozg6o0rcawx/Manjhaul_ISM.pdf?dl=0,
Manmad,https://www.dropbox.com/s/1dwsq4s13pdguuz/Manmad_ISM.pdf?dl=0,
Manmadhurai,https://www.dropbox.com/s/t6u25dkx75ttgh5/Manmadhurai_ISM.pdf?dl=0,
Manpur,https://www.dropbox.com/s/ygzole5a10rkv8c/Manpur_ISM.pdf?dl=0,
Mansa,https://www.dropbox.com/s/y1giyvqkvpv69m6/Mansa_ISM.pdf?dl=0,
Manu Bazar,https://www.dropbox.com/s/1ts437d3f9bn44w/Manu%20Bazar_ISM.pdf?dl=0,
Margherita,https://www.dropbox.com/s/xddn8iaceqcyeqq/Margherita_ISM.pdf?dl=0,
Marwahi,https://www.dropbox.com/s/s4y6pa6y2wn0kgv/Marwahi_ISM.pdf?dl=0,
Masaurhi,https://www.dropbox.com/s/jbruduvp5kdh3m3/Masaurhi_ISM.pdf?dl=0,
Mathili,https://www.dropbox.com/s/3cmbddfowpfm542/Mathili_ISM.pdf?dl=0,
Mawana,https://www.dropbox.com/s/9rdjfpadj53l7gn/Mawana_ISM.pdf?dl=0,
Maynaguri,https://www.dropbox.com/s/pzyz4ngfqs2c3vv/Maynaguri_ISM.pdf?dl=0,
Mecheda,https://www.dropbox.com/s/6r7a8779vcfps5n/Mecheda_ISM.pdf?dl=0,
Mehdawal,https://www.dropbox.com/s/mtppkiqioeztmss/Mehdawal_ISM.pdf?dl=0,
Mellur,https://www.dropbox.com/s/1vsq4b2rns0ogs0/Mellur_ISM.pdf?dl=0,
Merapani,https://www.dropbox.com/s/i8rrwylvub8zuj3/Merapani_ISM.pdf?dl=0,
Merta Road,https://www.dropbox.com/s/fpsxqgxvqbmzdb8/Merta%20Road_ISM.pdf?dl=0,
Minapur,https://www.dropbox.com/s/sot7nwpfdhma8zq/Minapur_ISM.pdf?dl=0,
Mirik,https://www.dropbox.com/s/5myh9n14scuaztr/Mirik_ISM.pdf?dl=0,
Mission Chariali,https://www.dropbox.com/s/ne50qppg8j6a5m5/Mission%20Chariali_ISM.pdf?dl=0,
Mohammadpur,https://www.dropbox.com/s/56fomij5l4x85wx/Mohammadpur_ISM.pdf?dl=0,
Mohla,https://www.dropbox.com/s/2xbsjpfe0erffnn/Mohla_ISM.pdf?dl=0,
Moranhat,https://www.dropbox.com/s/v8039ifderitwqx/Moranhat_ISM.pdf?dl=0,
Morigaon,https://www.dropbox.com/s/k3phqid107een8j/Morigaon_ISM.pdf?dl=0,
Morshi,https://www.dropbox.com/s/e7idcjumynzeed7/Morshi_ISM.pdf?dl=0,
Motihari,https://www.dropbox.com/s/yqyzblvg5jdpv6d/Motihari_ISM.pdf?dl=0,
Motihari-2,https://www.dropbox.com/s/cjwpw553ed4sifx/Motihari-2_ISM.pdf?dl=0,
Motipur,https://www.dropbox.com/s/0u6tnd72z0d67up/Motipur_ISM.pdf?dl=0,
Muddebihal,https://www.dropbox.com/s/wxg587a4ganoygf/Muddebihal_ISM.pdf?dl=0,
Muhammadganj,https://www.dropbox.com/s/omgcww5g4sw0gtq/Muhammadganj_ISM.pdf?dl=0,
Multai,https://www.dropbox.com/s/zz30ea4zvxsjdma/Multai_ISM.pdf?dl=0,
Mungawali,https://www.dropbox.com/s/38x9ii8pypmc3ua/Mungawali_ISM.pdf?dl=0,
Mungeli,https://www.dropbox.com/s/9j10f6fewica091/Mungeli_ISM.pdf?dl=0,
Muniguda,https://www.dropbox.com/s/oufcmcllwy6vtzd/Muniguda_ISM.pdf?dl=0,
Musiri,https://www.dropbox.com/s/4r4cf39aenaofcr/Musiri_ISM.pdf?dl=0,
Muzzaffarpur,https://www.dropbox.com/s/3u899hmk3t4zgkt/Muzzaffarpur_ISM.pdf?dl=0,
Nabarangpur,https://www.dropbox.com/s/fhakbh2iyy48oqo/Nabarangpur_ISM.pdf?dl=0,
Nabheti,https://www.dropbox.com/s/bbk3kbwnowg79g8/Nabheti_ISM.pdf?dl=0,
Nachuni,https://www.dropbox.com/s/t2eu7fp0s56ccnj/Nachuni_ISM.pdf?dl=0,
Nagarutari,https://www.dropbox.com/s/husod2icchbpcit/Nagarutari_ISM.pdf?dl=0,
Nagaur,https://www.dropbox.com/s/il4c09i6h95h144/Nagaur_ISM.pdf?dl=0,
Nagda,https://www.dropbox.com/s/nz7qfini4szgwuy/Nagda_ISM.pdf?dl=0,
Nagri,https://www.dropbox.com/s/m9it6b4rgdm9c2h/Nagri_ISM.pdf?dl=0,
Naharkatia,https://www.dropbox.com/s/uxra2ivvx5i79oo/Naharkatia_ISM.pdf?dl=0,
Nainwa,https://www.dropbox.com/s/x32mjcl20zzrmk9/Nainwa_ISM.pdf?dl=0,
Najibabad,https://www.dropbox.com/s/qjm2dqxzl6gva1r/Najibabad_ISM.pdf?dl=0,
Naktideula,https://www.dropbox.com/s/i0cljhbx21oter9/Naktideula_ISM.pdf?dl=0,
Nalbari,https://www.dropbox.com/s/2c4uasp2ihw4f1y/Nalbari_ISM.pdf?dl=0,
Nandapur,https://www.dropbox.com/s/vywh4tfquei0759/Nandapur_ISM.pdf?dl=0,
Narayangarh,https://www.dropbox.com/s/dqrzf5ua69yjws9/Narayangarh_ISM.pdf?dl=0,
Narayanpur,https://www.dropbox.com/s/tavyg5113lpolwf/Narayanpur_ISM.pdf?dl=0,
Narkatiaganj,https://www.dropbox.com/s/7hg75mtw5f9ykgr/Narkatiaganj_ISM.pdf?dl=0,
Narla,https://www.dropbox.com/s/3s1ws3jvd9wy7q3/Narla_ISM.pdf?dl=0,
Narnaund,https://www.dropbox.com/s/bkd4juzgfhkk6g0/Narnaund_ISM.pdf?dl=0,
Narpatganj,https://www.dropbox.com/s/wy5plsi25zaghzk/Narpatganj_ISM.pdf?dl=0,
Narsinghpur(MP),https://www.dropbox.com/s/o3slyd2bts0bzz6/Narsinghpur%28MP%29_ISM.pdf?dl=0,
Narsinghpur,https://www.dropbox.com/s/71akh7jhl9f5yfa/Narsinghpur_ISM.pdf?dl=0,
Narwana,https://www.dropbox.com/s/xzxwd72qrxfk4se/Narwana_ISM.pdf?dl=0,
Nasrullaganj,https://www.dropbox.com/s/78e01ec64uudah8/Nasrullaganj_ISM.pdf?dl=0,
Nathwara,https://www.dropbox.com/s/8fuv2bj2x3sp91o/Nathwara_ISM.pdf?dl=0,
Naubatpur,https://www.dropbox.com/s/urj5511rh1j2oo9/Naubatpur_ISM.pdf?dl=0,
Nawanshahr,https://www.dropbox.com/s/cy01d542tt003x0/Nawanshahr_ISM.pdf?dl=0,
Nawegaon,https://www.dropbox.com/s/7qxax1h5vfneuqu/Nawegaon_ISM.pdf?dl=0,
Nayagarh,https://www.dropbox.com/s/jsxcmit37yekhlf/Nayagarh_ISM.pdf?dl=0,
Nayagarh_Urban,https://www.dropbox.com/s/pooygwknzc96zb6/Nayagarh_Urban_ISM.pdf?dl=0,
Nazareth,https://www.dropbox.com/s/63hhsd24n1qyeiy/Nazareth_ISM.pdf?dl=0,
Neem Ka Thana,https://www.dropbox.com/s/584g950y8n1n2s0/Neem%20Ka%20Thana_ISM.pdf?dl=0,
Neemuch,https://www.dropbox.com/s/wzfcy7qm6juq3bu/Neemuch_ISM.pdf?dl=0,
Nevasa,https://www.dropbox.com/s/tdn6w6fv8b3org5/Nevasa_ISM.pdf?dl=0,
New Ramnagar,https://www.dropbox.com/s/2uwwr36mq7l7x8l/New%20Ramnagar_ISM.pdf?dl=0,
Nimapara,https://www.dropbox.com/s/kr0qdueg83woaip/Nimapara_ISM.pdf?dl=0,
Nimbahera,https://www.dropbox.com/s/0kfq9utp93mmfrv/Nimbahera_ISM.pdf?dl=0,
Niphad,https://www.dropbox.com/s/jdep3gbv4a1jne0/Niphad_ISM.pdf?dl=0,
Nirakarpur,https://www.dropbox.com/s/gmdrosahj49wb6q/Nirakarpur_ISM.pdf?dl=0,
Nischintakoili,https://www.dropbox.com/s/x34scenkd2if2xc/Nischintakoili_ISM.pdf?dl=0,
Nohar,https://www.dropbox.com/s/c042krljd7rqofi/Nohar_ISM.pdf?dl=0,
North Lakhimpur,https://www.dropbox.com/s/hj05fuqwtv03vs8/North%20Lakhimpur_ISM.pdf?dl=0,
Nuapada,https://www.dropbox.com/s/lm473npm5p03nrf/Nuapada_ISM.pdf?dl=0,
Odagaon,https://www.dropbox.com/s/b7x8bhquckvv8jb/Odagaon_ISM.pdf?dl=0,
Oddanchatram,https://www.dropbox.com/s/8l8iu15tyl8vyo8/Oddanchatram_ISM.pdf?dl=0,
Orathanadu,https://www.dropbox.com/s/zsxddx4jkb49mna/Orathanadu_ISM.pdf?dl=0,
Pachora,https://www.dropbox.com/s/wjytw9qzrntguno/Pachora_ISM.pdf?dl=0,
Pachore,https://www.dropbox.com/s/fwvbir9a20ye2a7/Pachore_ISM.pdf?dl=0,
Padampur,https://www.dropbox.com/s/9pfz3q4vrgdqm0z/Padampur_ISM.pdf?dl=0,
Padrauna,https://www.dropbox.com/s/c7bi9joo4h17x3e/Padrauna_ISM.pdf?dl=0,
Paduma,https://www.dropbox.com/s/6u6tpr4du37zaz4/Paduma_ISM.pdf?dl=0,
Paikmal,https://www.dropbox.com/s/6yqxjxda5x3hhxw/Paikmal_ISM.pdf?dl=0,
Paithan,https://www.dropbox.com/s/ukei4mnuyhglg2r/Paithan_ISM.pdf?dl=0,
Pakuahat,https://www.dropbox.com/s/rtiopzcf9ioxezo/Pakuahat_ISM.pdf?dl=0,
Pali(CG),https://www.dropbox.com/s/711xwpbm9jdmqe8/Pali%28CG%29_ISM.pdf?dl=0,
Pali(MP),https://www.dropbox.com/s/4kt2uzwli5ryn9j/Pali%28MP%29_ISM.pdf?dl=0,
Pali(RJ),https://www.dropbox.com/s/683srmmgwez3qa2/Pali%28RJ%29_ISM.pdf?dl=0,
Pallahara,https://www.dropbox.com/s/txt1xnl7j4yn79u/Pallahara_ISM.pdf?dl=0,
Panchagaon,https://www.dropbox.com/s/f4a9n920mh1t5do/Panchagaon_ISM.pdf?dl=0,
Pandhana,https://www.dropbox.com/s/69j1t5aobkw18if/Pandhana_ISM.pdf?dl=0,
Panki,https://www.dropbox.com/s/tfg3utcutjh37wd/Panki_ISM.pdf?dl=0,
Panna,https://www.dropbox.com/s/xdid9ivm7x544ts/Panna_ISM.pdf?dl=0,
Pannagar,https://www.dropbox.com/s/jnfkjq077n4e2q0/Pannagar_ISM.pdf?dl=0,
Panposh,https://www.dropbox.com/s/okz1bs5ikoy9kbr/Panposh_ISM.pdf?dl=0,
Pansukura,https://www.dropbox.com/s/nay3scp9d0km394/Pansukura_ISM.pdf?dl=0,
Papadahandi,https://www.dropbox.com/s/pkegccwg853du3n/Papadahandi_ISM.pdf?dl=0,
Paralakhemundi,https://www.dropbox.com/s/2jw54e387vgrijv/Paralakhemundi_ISM.pdf?dl=0,
Parasiya,https://www.dropbox.com/s/18asafkhw3a4gf5/Parasiya_ISM.pdf?dl=0,
Paraswada,https://www.dropbox.com/s/i0oy08bvbvm9f55/Paraswada_ISM.pdf?dl=0,
Parjanga,https://www.dropbox.com/s/roecge1whaqdqwc/Parjanga_ISM.pdf?dl=0,
Partur,https://www.dropbox.com/s/wtsd3yd1fgky42e/Partur_ISM.pdf?dl=0,
Patan,https://www.dropbox.com/s/0beag1i282dongt/Patan_ISM.pdf?dl=0,
Patepur,https://www.dropbox.com/s/nx331zd3tv9hasi/Patepur_ISM.pdf?dl=0,
Pathalgaon,https://www.dropbox.com/s/gdfmzvw5k0hblwl/Pathalgaon_ISM.pdf?dl=0,
Pathankot,https://www.dropbox.com/s/cc9xarnec0v8nnv/Pathankot_ISM.pdf?dl=0,
Pathardewa,https://www.dropbox.com/s/v9wvo9cnbia36s1/Pathardewa_ISM.pdf?dl=0,
Pathsala,https://www.dropbox.com/s/5wcwqoi7rcc5wek/Pathsala_ISM.pdf?dl=0,
Patiram,https://www.dropbox.com/s/dcdwalg52e8oh6n/Patiram_ISM.pdf?dl=0,
Patnagarh,https://www.dropbox.com/s/fl4epj4sd57pyti/Patnagarh_ISM.pdf?dl=0,
Patti 2,https://www.dropbox.com/s/crloqiza7o1yg79/Patti%202_ISM.pdf?dl=0,
Patti,https://www.dropbox.com/s/tun0thnyzv7c5lb/Patti_ISM.pdf?dl=0,
Pattukkottai,https://www.dropbox.com/s/h81676py6xoyr9r/Pattukkottai_ISM.pdf?dl=0,
Patuadi,https://www.dropbox.com/s/ya7xj3ov1nwu81c/Patuadi_ISM.pdf?dl=0,
Pawai,https://www.dropbox.com/s/8l4ud1t8syk3poj/Pawai_ISM.pdf?dl=0,
Payal,https://www.dropbox.com/s/zu0ncsf8m7vugol/Payal_ISM.pdf?dl=0,
Pendra Road,https://www.dropbox.com/s/v8rlt8ql7jlpnu5/Pendra%20Road_ISM.pdf?dl=0,
Perambalur,https://www.dropbox.com/s/qsufv6e1u55xmzt/Perambalur_ISM.pdf?dl=0,
Petarwar,https://www.dropbox.com/s/eo2tond549dtx2n/Petarwar_ISM.pdf?dl=0,
Petlawad,https://www.dropbox.com/s/j5qi9ph3y38mob3/Petlawad_ISM.pdf?dl=0,
Pharendra,https://www.dropbox.com/s/vum95symru11hlm/Pharendra_ISM.pdf?dl=0,
Phulbani,https://www.dropbox.com/s/m711votq1pjik88/Phulbani_ISM.pdf?dl=0,
Phulnakhara,https://www.dropbox.com/s/fmvkx3cnm3iewtf/Phulnakhara_ISM.pdf?dl=0,
Phulparash,https://www.dropbox.com/s/nhpjsdypz4uhybd/Phulparash_ISM.pdf?dl=0,
Pipar City,https://www.dropbox.com/s/4pswoxpkawdiv39/Pipar%20City_ISM.pdf?dl=0,
Pipraich,https://www.dropbox.com/s/u7bl1264i9l5tae/Pipraich_ISM.pdf?dl=0,
Pirahat,https://www.dropbox.com/s/j1m3x2f9gpyxp6n/Pirahat_ISM.pdf?dl=0,
Pithoda,https://www.dropbox.com/s/ta2498w63fc1m5t/Pithoda_ISM.pdf?dl=0,
Ponnamaravathi,https://www.dropbox.com/s/r83asaobmm4cq9b/Ponnamaravathi_ISM.pdf?dl=0,
Pratapgarh,https://www.dropbox.com/s/hpvpaxns242cge0/Pratapgarh_ISM.pdf?dl=0,
Pratappur,https://www.dropbox.com/s/99w86o459b7j9hl/Pratappur_ISM.pdf?dl=0,
Prithvipur,https://www.dropbox.com/s/p96f1w1snrd9fd0/Prithvipur_ISM.pdf?dl=0,
Pudiyamputhur,https://www.dropbox.com/s/u5qt24nhd483wyz/Pudiyamputhur_ISM.pdf?dl=0,
Puliyangudi,https://www.dropbox.com/s/tbo1gbmb3slqmce/Puliyangudi_ISM.pdf?dl=0,
Punasa,https://www.dropbox.com/s/8pynbbchjvx0fed/Punasa_ISM.pdf?dl=0,
Pupri,https://www.dropbox.com/s/r6zmdtsfbmboyjd/Pupri_ISM.pdf?dl=0,
Purnia,https://www.dropbox.com/s/7rqjbqhnjrowgin/Purnia_ISM.pdf?dl=0,
Purunakatak,https://www.dropbox.com/s/2s4u2vt0nzxp1tw/Purunakatak_ISM.pdf?dl=0,
Raghunathpur,https://www.dropbox.com/s/fjotsw6dpg5rjoz/Raghunathpur_ISM.pdf?dl=0,
Rahata Shirdi,https://www.dropbox.com/s/pg2awutopqd4wc7/Rahata%20Shirdi_ISM.pdf?dl=0,
Raichur,https://www.dropbox.com/s/295529owcg29aja/Raichur_ISM.pdf?dl=0,
Raigarh,https://www.dropbox.com/s/rk9w3qay794x20p/Raigarh_ISM.pdf?dl=0,
Raighar,https://www.dropbox.com/s/gvlh62i7uhhpmn7/Raighar_ISM.pdf?dl=0,
Raikot,https://www.dropbox.com/s/36hsjv3ezcjmgrt/Raikot_ISM.pdf?dl=0,
Rairangpur,https://www.dropbox.com/s/qx7wykzfyj502lj/Rairangpur_ISM.pdf?dl=0,
Raisen,https://www.dropbox.com/s/r7av450i0c79x7z/Raisen_ISM.pdf?dl=0,
Raisinghnagar,https://www.dropbox.com/s/47qetz9oknj04zi/Raisinghnagar_ISM.pdf?dl=0,
Raj Khariar,https://www.dropbox.com/s/boxweoaggruqj6f/Raj%20Khariar_ISM.pdf?dl=0,
Rajdhanwar,https://www.dropbox.com/s/2o4ofgr5um5vlat/Rajdhanwar_ISM.pdf?dl=0,
Rajim,https://www.dropbox.com/s/f439nkct36irgcd/Rajim_ISM.pdf?dl=0,
Rajmahal,https://www.dropbox.com/s/ialmirarhegaa0o/Rajmahal_ISM.pdf?dl=0,
Rajmarg,https://www.dropbox.com/s/e73fp78hx5hg8ur/Rajmarg_ISM.pdf?dl=0,
Rajnagar,https://www.dropbox.com/s/gytvcy3yldun6aj/Rajnagar_ISM.pdf?dl=0,
Rajnandgaon,https://www.dropbox.com/s/rfv27roql68kojc/Rajnandgaon_ISM.pdf?dl=0,
Ramanathapuram,https://www.dropbox.com/s/urkf85qqqedwpcl/Ramanathapuram_ISM.pdf?dl=0,
Ramdurg,https://www.dropbox.com/s/6uinqraimv534pk/Ramdurg_ISM.pdf?dl=0,
Rameswaram,https://www.dropbox.com/s/pctklqffjleyry8/Rameswaram_ISM.pdf?dl=0,
Ramganj Mandi,https://www.dropbox.com/s/vwkwr4vlovfn5c8/Ramganj%20Mandi_ISM.pdf?dl=0,
Ramgarh,https://www.dropbox.com/s/5hckky6g5ql80de/Ramgarh_ISM.pdf?dl=0,
Ramnagar,https://www.dropbox.com/s/t2mlf9jo43wlzxs/Ramnagar_ISM.pdf?dl=0,
Rampur Naikin,https://www.dropbox.com/s/vlbs0g0s3eo8y7g/Rampur%20Naikin_ISM.pdf?dl=0,
Rampura Phul,https://www.dropbox.com/s/bo4v5btqk3nd84v/Rampura%20Phul_ISM.pdf?dl=0,
Rampurahat,https://www.dropbox.com/s/d14tkivobhjhkl8/Rampurahat_ISM.pdf?dl=0,
Ramtek,https://www.dropbox.com/s/wbicej7gz6xvn9q/Ramtek_ISM.pdf?dl=0,
Ranibennur,https://www.dropbox.com/s/nhjzqufzv7js8kn/Ranibennur_ISM.pdf?dl=0,
Raniganj(Bhagalpur),https://www.dropbox.com/s/5mkpevoscs1ax0v/Raniganj%28Bhagalpur%29_ISM.pdf?dl=0,
Ranka,https://www.dropbox.com/s/cwy5kr108nn0ln3/Ranka_ISM.pdf?dl=0,
Rasgovindpur,https://www.dropbox.com/s/6l9hnfjug3lda5y/Rasgovindpur_ISM.pdf?dl=0,
Ratangarh,https://www.dropbox.com/s/q87a11tialnnrr3/Ratangarh_ISM.pdf?dl=0,
Ratanpur,https://www.dropbox.com/s/zkcch74xv7h37nw/Ratanpur_ISM.pdf?dl=0,
Ratia,https://www.dropbox.com/s/sz3fcsg84euqhzo/Ratia_ISM.pdf?dl=0,
Ratlam,https://www.dropbox.com/s/f5qgf2zu4z4kvkd/Ratlam_ISM.pdf?dl=0,
Raxaul,https://www.dropbox.com/s/ayvs0p6mc3oy1rf/Raxaul_ISM.pdf?dl=0,
Rayagada,https://www.dropbox.com/s/8bniua2t5dx0ugt/Rayagada_ISM.pdf?dl=0,
Rayya 2,https://www.dropbox.com/s/fl980g3qphcb9lk/Rayya%202_ISM.pdf?dl=0,
Rayya,https://www.dropbox.com/s/xuv2j7d0mn0r9il/Rayya_ISM.pdf?dl=0,
Redhakhol,https://www.dropbox.com/s/5zz3dcpvzw7bj90/Redhakhol_ISM.pdf?dl=0,
Rengali,https://www.dropbox.com/s/i379thc7n8g69mo/Rengali_ISM.pdf?dl=0,
Rewari,https://www.dropbox.com/s/5gc58f4on4ptrnm/Rewari_ISM.pdf?dl=0,
Riga,https://www.dropbox.com/s/6rcpg5dnmco6q53/Riga_ISM.pdf?dl=0,
Risod,https://www.dropbox.com/s/h5xbjgylg5m25ok/Risod_ISM.pdf?dl=0,
Roorkee,https://www.dropbox.com/s/6anbflsabcvgej7/Roorkee_ISM.pdf?dl=0,
Rosera,https://www.dropbox.com/s/av7ys5c4fhxnac2/Rosera_ISM.pdf?dl=0,
Rudhauli,https://www.dropbox.com/s/hxvjb6hma8izop1/Rudhauli_ISM.pdf?dl=0,
Rudrapur,https://www.dropbox.com/s/jk3vvvcnyajpctk/Rudrapur_ISM.pdf?dl=0,
Rupangarh,https://www.dropbox.com/s/ctix2atvirvk4e7/Rupangarh_ISM.pdf?dl=0,
Rupnagar,https://www.dropbox.com/s/7qeqbmio543mio0/Rupnagar_ISM.pdf?dl=0,
Sabang,https://www.dropbox.com/s/74bpuzvwi22ionp/Sabang_ISM.pdf?dl=0,
Sagwara,https://www.dropbox.com/s/8r6vwjr9m4841kx/Sagwara_ISM.pdf?dl=0,
Saharghat,https://www.dropbox.com/s/iy3vglsgby7ajpa/Saharghat_ISM.pdf?dl=0,
Sahibganj,https://www.dropbox.com/s/nsva2ubh7e9t1bs/Sahibganj_ISM.pdf?dl=0,
Sahjanwa,https://www.dropbox.com/s/mhfqcnn1d7zk3fq/Sahjanwa_ISM.pdf?dl=0,
Saintala,https://www.dropbox.com/s/t24i9zjbenmix91/Saintala_ISM.pdf?dl=0,
Sajjangarh,https://www.dropbox.com/s/3rox3z6cdkeh3j4/Sajjangarh_ISM.pdf?dl=0,
Sakoli,https://www.dropbox.com/s/tkxljvavl3ev2kh/Sakoli_ISM.pdf?dl=0,
Sakra,https://www.dropbox.com/s/ygygk080r4ehj6a/Sakra_ISM.pdf?dl=0,
Sakti,https://www.dropbox.com/s/grsiim26r03fvs5/Sakti_ISM.pdf?dl=0,
Salepur,https://www.dropbox.com/s/k9s9mxpfbiac509/Salepur_ISM.pdf?dl=0,
Salmari,https://www.dropbox.com/s/pblfcwp1aiuqrkd/Salmari_ISM.pdf?dl=0,
Salumbar,https://www.dropbox.com/s/wmw3eli2pglqpqo/Salumbar_ISM.pdf?dl=0,
Samalkha,https://www.dropbox.com/s/wlq1j46clknqg7a/Samalkha_ISM.pdf?dl=0,
Samastipur,https://www.dropbox.com/s/kn9s3fwgumggo6d/Samastipur_ISM.pdf?dl=0,
Sambalpur,https://www.dropbox.com/s/gy0hlt4w9yowrw7/Sambalpur_ISM.pdf?dl=0,
Samraniya,https://www.dropbox.com/s/hfwic4wg3mz5rcr/Samraniya_ISM.pdf?dl=0,
Sanawad,https://www.dropbox.com/s/bfd6olpg7gcngpq/Sanawad_ISM.pdf?dl=0,
Sangamner,https://www.dropbox.com/s/2mvelqyuuzy6jh1/Sangamner_ISM.pdf?dl=0,
Sangod,https://www.dropbox.com/s/ssekmrieez8d69g/Sangod_ISM.pdf?dl=0,
Sangrur,https://www.dropbox.com/s/vm7tajtd08oe57l/Sangrur_ISM.pdf?dl=0,
Santrampur,https://www.dropbox.com/s/jz1qlypfpjkec46/Santrampur_ISM.pdf?dl=0,
Saoner,https://www.dropbox.com/s/rmkvpcfjq6pldk4/Saoner_ISM.pdf?dl=0,
Saraipalli,https://www.dropbox.com/s/gr921xa9lfbcomx/Saraipalli_ISM.pdf?dl=0,
Sarairanjan,https://www.dropbox.com/s/2j1qky6o44keu1v/Sarairanjan_ISM.pdf?dl=0,
Saraiya,https://www.dropbox.com/s/3pqjm0b49ilx6ds/Saraiya_ISM.pdf?dl=0,
Sarangarh,https://www.dropbox.com/s/k7olvh7v4nus2fi/Sarangarh_ISM.pdf?dl=0,
Sarangpur,https://www.dropbox.com/s/a15mla54d3vkrja/Sarangpur_ISM.pdf?dl=0,
Sardarshahr,https://www.dropbox.com/s/qiznxhbvmcfappn/Sardarshahr_ISM.pdf?dl=0,
Sasaram,https://www.dropbox.com/s/ijhx09hist1ju4i/Sasaram_ISM.pdf?dl=0,
Satana,https://www.dropbox.com/s/p387d9hmwcwpx35/Satana_ISM.pdf?dl=0,
Satna,https://www.dropbox.com/s/fsp2erdjjy9e6m9/Satna_ISM.pdf?dl=0,
Sawai Madhopur,https://www.dropbox.com/s/3xccxqa0teberwk/Sawai%20Madhopur_ISM.pdf?dl=0,
Sayalgudi,https://www.dropbox.com/s/nf3ajoolfjzrjp6/Sayalgudi_ISM.pdf?dl=0,
Sedam,https://www.dropbox.com/s/fod4occxl5xde4f/Sedam_ISM.pdf?dl=0,
Sehore,https://www.dropbox.com/s/zxw4f4j4xklwrhc/Sehore_ISM.pdf?dl=0,
Semiliguda,https://www.dropbox.com/s/f92ztwxphja8629/Semiliguda_ISM.pdf?dl=0,
Sendhva,https://www.dropbox.com/s/v8rtyiik4t8o1ko/Sendhva_ISM.pdf?dl=0,
Sendurai,https://www.dropbox.com/s/lhqszzdmb2kufky/Sendurai_ISM.pdf?dl=0,
Seondha,https://www.dropbox.com/s/osr82l3ppqywgnt/Seondha_ISM.pdf?dl=0,
Seoni Malwa,https://www.dropbox.com/s/vwmsoq6exp40y1i/Seoni%20Malwa_ISM.pdf?dl=0,
Seoni,https://www.dropbox.com/s/df2jv135jgxss6s/Seoni_ISM.pdf?dl=0,
Shah Patori,https://www.dropbox.com/s/0c4izslxbhhf3lq/Shah%20Patori_ISM.pdf?dl=0,
Shahada,https://www.dropbox.com/s/70ie6zal9bhaibd/Shahada_ISM.pdf?dl=0,
Shahbad,https://www.dropbox.com/s/ppjlumoo1s0a9lw/Shahbad_ISM.pdf?dl=0,
Shahdol,https://www.dropbox.com/s/5kucxy2pyiq54pk/Shahdol_ISM.pdf?dl=0,
Shahpur,https://www.dropbox.com/s/3vam12xbfp75bcy/Shahpur_ISM.pdf?dl=0,
Shahpura,https://www.dropbox.com/s/zy8evqcblwmdctq/Shahpura_ISM.pdf?dl=0,
Shamlaji,https://www.dropbox.com/s/60dxr5np7e7tegw/Shamlaji_ISM.pdf?dl=0,
Shantirbazar,https://www.dropbox.com/s/7u9ccm0d536c2zo/Shantirbazar_ISM.pdf?dl=0,
Sheikhpura,https://www.dropbox.com/s/ppwnoms3a95jooe/Sheikhpura_ISM.pdf?dl=0,
Sheorinarayan,https://www.dropbox.com/s/t77tubj0oli408z/Sheorinarayan_ISM.pdf?dl=0,
Sheragada,https://www.dropbox.com/s/hfetcty9e3xw1f4/Sheragada_ISM.pdf?dl=0,
Sherghati,https://www.dropbox.com/s/i6i3bhp5ksckukf/Sherghati_ISM.pdf?dl=0,
Shillong,https://www.dropbox.com/s/w78fehycwq4v6yw/Shillong_ISM.pdf?dl=0,
Shirpur,https://www.dropbox.com/s/bitay0z0rrn6rjd/Shirpur_ISM.pdf?dl=0,
Shirur,https://www.dropbox.com/s/4zvdd50vpcdda9x/Shirur_ISM.pdf?dl=0,
Shivpuram,https://www.dropbox.com/s/aex8rp77iozjtlj/Shivpuram_ISM.pdf?dl=0,
Shivpuri,https://www.dropbox.com/s/zljjgwa5jjwa3n8/Shivpuri_ISM.pdf?dl=0,
Shri Dungargarh,https://www.dropbox.com/s/hfnga2s47su1pdk/Shri%20Dungargarh_ISM.pdf?dl=0,
Shujalpur,https://www.dropbox.com/s/52wdbj7vulm8kks/Shujalpur_ISM.pdf?dl=0,
Shyamgarh,https://www.dropbox.com/s/rujccmog6xiruls/Shyamgarh_ISM.pdf?dl=0,
Sidhi,https://www.dropbox.com/s/xnj12dm366gefi0/Sidhi_ISM.pdf?dl=0,
Sikandara,https://www.dropbox.com/s/rltpsak2ycika2o/Sikandara_ISM.pdf?dl=0,
Sikar,https://www.dropbox.com/s/cv130a6mc23vlgf/Sikar_ISM.pdf?dl=0,
Sillod,https://www.dropbox.com/s/2ofy64u82kqwh71/Sillod_ISM.pdf?dl=0,
Silwani,https://www.dropbox.com/s/i3jtojmn67j3xuf/Silwani_ISM.pdf?dl=0,
Simariya,https://www.dropbox.com/s/d9mf3aimisfok7q/Simariya_ISM.pdf?dl=0,
Simrahi Bazar,https://www.dropbox.com/s/gsbtamyebvktlwf/Simrahi%20Bazar_ISM.pdf?dl=0,
Simri Bakhtiarpur,https://www.dropbox.com/s/bk74es3qgzqseb5/Simri%20Bakhtiarpur_ISM.pdf?dl=0,
Sinapali,https://www.dropbox.com/s/7ymdirohof47ivi/Sinapali_ISM.pdf?dl=0,
Sindagi,https://www.dropbox.com/s/u3k8ubq18sddazw/Sindagi_ISM.pdf?dl=0,
Sindhanur,https://www.dropbox.com/s/0ftn1okrpk0e7nv/Sindhanur_ISM.pdf?dl=0,
Singhana,https://www.dropbox.com/s/sn5lzv61bmzmjok/Singhana_ISM.pdf?dl=0,
Singhpur,https://www.dropbox.com/s/nvoqn9ixv9nrpf9/Singhpur_ISM.pdf?dl=0,
Sirhind,https://www.dropbox.com/s/72ess8r3nweoufd/Sirhind_ISM.pdf?dl=0,
Sirohi,https://www.dropbox.com/s/14a1tiwf9y5xbpr/Sirohi_ISM.pdf?dl=0,
Sironj,https://www.dropbox.com/s/m959cmvwwv1xunu/Sironj_ISM.pdf?dl=0,
Sironj-2,https://www.dropbox.com/s/tecxo49ceve7vi7/Sironj-2_ISM.pdf?dl=0,
Sirsa,https://www.dropbox.com/s/ldy5uxgj1gqcj9x/Sirsa_ISM.pdf?dl=0,
Siruguppa,https://www.dropbox.com/s/y9chp6851450izg/Siruguppa_ISM.pdf?dl=0,
Siswa Bazar,https://www.dropbox.com/s/p1mkrq06ia5yxak/Siswa%20Bazar_ISM.pdf?dl=0,
Sitamarhi,https://www.dropbox.com/s/pd3qyafk0tuc66k/Sitamarhi_ISM.pdf?dl=0,
Sitapur,https://www.dropbox.com/s/e3m6c3ds3gxtzfq/Sitapur_ISM.pdf?dl=0,
Sivsagar,https://www.dropbox.com/s/3vb37hby76qlp14/Sivsagar_ISM.pdf?dl=0,
Siwani,https://www.dropbox.com/s/z9o5lu2hqwvc4rq/Siwani_ISM.pdf?dl=0,
Siyana,https://www.dropbox.com/s/j3pbx9x5fzxjweq/Siyana_ISM.pdf?dl=0,
Sohela,https://www.dropbox.com/s/1eohvssnbd5hgi3/Sohela_ISM.pdf?dl=0,
Sojat,https://www.dropbox.com/s/t2h27g0i2vi2nqh/Sojat_ISM.pdf?dl=0,
Sonaili,https://www.dropbox.com/s/b5c4o4h0ycnjvb4/Sonaili_ISM.pdf?dl=0,
Sonari,https://www.dropbox.com/s/rahtwkv079o71a3/Sonari_ISM.pdf?dl=0,
Sonepur,https://www.dropbox.com/s/4581p0z09vsbtfp/Sonepur_ISM.pdf?dl=0,
Sorada 2,https://www.dropbox.com/s/gniqil0c9zyirf8/Sorada%202_ISM.pdf?dl=0,
Sorada,https://www.dropbox.com/s/0dke075cx8mi8yt/Sorada_ISM.pdf?dl=0,
Soro Urban,https://www.dropbox.com/s/7y21mz3foz05bbg/Soro%20Urban_ISM.pdf?dl=0,
Soro,https://www.dropbox.com/s/lfh3hz7791y2bgz/Soro_ISM.pdf?dl=0,
Sri Villupattur,https://www.dropbox.com/s/z7lw19jfgyd4n5k/Sri%20Villupattur_ISM.pdf?dl=0,
Sriganganagar,https://www.dropbox.com/s/yi92z7mlez4t0i5/Sriganganagar_ISM.pdf?dl=0,
Subdega,https://www.dropbox.com/s/x38ml4htjy4u2jz/Subdega_ISM.pdf?dl=0,
Sugauli,https://www.dropbox.com/s/a92oebgzcjd4lzr/Sugauli_ISM.pdf?dl=0,
Suhagpur,https://www.dropbox.com/s/0fv43arnfhy32q0/Suhagpur_ISM.pdf?dl=0,
Sujangarh,https://www.dropbox.com/s/eln1k6pm2rks4xj/Sujangarh_ISM.pdf?dl=0,
Sultanganj,https://www.dropbox.com/s/x9knl2yqhcn2fco/Sultanganj_ISM.pdf?dl=0,
Sultanpur Lodhi,https://www.dropbox.com/s/0u0y8it9yi9ftm5/Sultanpur%20Lodhi_ISM.pdf?dl=0,
Sunakhala,https://www.dropbox.com/s/fh2wukoboj9g9ka/Sunakhala_ISM.pdf?dl=0,
Sundargarh,https://www.dropbox.com/s/rn1td9us821ext4/Sundargarh_ISM.pdf?dl=0,
Supaul,https://www.dropbox.com/s/gp191hfb98oeqsp/Supaul_ISM.pdf?dl=0,
Surajgarh,https://www.dropbox.com/s/oew2dr0v10ydy1n/Surajgarh_ISM.pdf?dl=0,
Surajpur,https://www.dropbox.com/s/q3pfgm0s6p0wnvu/Surajpur_ISM.pdf?dl=0,
Surapura,https://www.dropbox.com/s/spxv2hvktosa6r9/Surapura_ISM.pdf?dl=0,
Suratgarh,https://www.dropbox.com/s/9p65x54v1cs9ieq/Suratgarh_ISM.pdf?dl=0,
Suri,https://www.dropbox.com/s/zqe7mym0u6eyt7m/Suri_ISM.pdf?dl=0,
Suriya,https://www.dropbox.com/s/s5exzluhlz5ukyx/Suriya_ISM.pdf?dl=0,
Talcher,https://www.dropbox.com/s/bz1a9be4i1rh22c/Talcher_ISM.pdf?dl=0,
Talikoti,https://www.dropbox.com/s/yxbgxgrlmcf3va6/Talikoti_ISM.pdf?dl=0,
Talwandi Sabo,https://www.dropbox.com/s/vql41klflccir7j/Talwandi%20Sabo_ISM.pdf?dl=0,
Tamukhi Raj,https://www.dropbox.com/s/t54eokxunlr00ri/Tamukhi%20Raj_ISM.pdf?dl=0,
Tamulpur,https://www.dropbox.com/s/d1unp089yyo33sj/Tamulpur_ISM.pdf?dl=0,
Tangi,https://www.dropbox.com/s/5so0mmp6z4udd3g/Tangi_ISM.pdf?dl=0,
Taranagar,https://www.dropbox.com/s/t979dajh8tw6p33/Taranagar_ISM.pdf?dl=0,
Tarapur(Gj),https://www.dropbox.com/s/wrhbb1bb6uhqd17/Tarapur%28Gj%29_ISM.pdf?dl=0,
Tarapur,https://www.dropbox.com/s/f172cd34zcm6m1g/Tarapur_ISM.pdf?dl=0,
Tarn Taran,https://www.dropbox.com/s/dfmg8ga5gkbs5tz/Tarn%20Taran_ISM.pdf?dl=0,
Tarn Taran-2,https://www.dropbox.com/s/cv1a2hr11vug956/Tarn%20Taran-2_ISM.pdf?dl=0,
Tarva,https://www.dropbox.com/s/41q94wcqgg9ixyv/Tarva_ISM.pdf?dl=0,
Tenkasi,https://www.dropbox.com/s/hhkzosumg6cdscw/Tenkasi_ISM.pdf?dl=0,
Thandla,https://www.dropbox.com/s/4od66uj5u5dv4co/Thandla_ISM.pdf?dl=0,
Thirumangalam,https://www.dropbox.com/s/yfljub3ts6bvqw1/Thirumangalam_ISM.pdf?dl=0,
Thiruthuraipoondi,https://www.dropbox.com/s/4eikb6abbeyjceh/Thiruthuraipoondi_ISM.pdf?dl=0,
Tihidi,https://www.dropbox.com/s/fnw6yj0pyjzjip8/Tihidi_ISM.pdf?dl=0,
Tikamgarh,https://www.dropbox.com/s/4i2tyi5d2z12ypw/Tikamgarh_ISM.pdf?dl=0,
Tikkaballi,https://www.dropbox.com/s/8l9tnftzxcwew75/Tikkaballi_ISM.pdf?dl=0,
Tilaiya,https://www.dropbox.com/s/93h234z8z00jg5p/Tilaiya_ISM.pdf?dl=0,
Tilda,https://www.dropbox.com/s/fvv15sc8npati31/Tilda_ISM.pdf?dl=0,
Tinsukia,https://www.dropbox.com/s/zz1ussmhdm0q8hh/Tinsukia_ISM.pdf?dl=0,
Tirthpuri,https://www.dropbox.com/s/82fe0z8hcwy7t9b/Tirthpuri_ISM.pdf?dl=0,
Titabor,https://www.dropbox.com/s/ddxh2trtqj6vayf/Titabor_ISM.pdf?dl=0,
Titlagarh,https://www.dropbox.com/s/c3zrfb2kwka6sha/Titlagarh_ISM.pdf?dl=0,
Tohana,https://www.dropbox.com/s/xkedjbeeyfikgnf/Tohana_ISM.pdf?dl=0,
Triveniganj,https://www.dropbox.com/s/jqnsbei0cpvx2p2/Triveniganj_ISM.pdf?dl=0,
Uda Kishanganj,https://www.dropbox.com/s/zalkde789ev22jy/Uda%20Kishanganj_ISM.pdf?dl=0,
Udaipur (TR),https://www.dropbox.com/s/fik6gobd9o40rek/Udaipur%20%28TR%29_ISM.pdf?dl=0,
Udaipur,https://www.dropbox.com/s/muvq11nxulhgdbf/Udaipur_ISM.pdf?dl=0,
Udaipura,https://www.dropbox.com/s/p528quhmkbavs8x/Udaipura_ISM.pdf?dl=0,
Udaipura-2,https://www.dropbox.com/s/qcd1hol2fxwjgn6/Udaipura-2_ISM.pdf?dl=0,
Umaria Pan,https://www.dropbox.com/s/48pa0t1y3ajy0f6/Umaria%20Pan_ISM.pdf?dl=0,
Umariya,https://www.dropbox.com/s/sbx1uuq5fr953ko/Umariya_ISM.pdf?dl=0,
Umarpada,https://www.dropbox.com/s/pcqtgqde4tgkvpo/Umarpada_ISM.pdf?dl=0,
Umerkote,https://www.dropbox.com/s/odnpnx2cjmiv5tl/Umerkote_ISM.pdf?dl=0,
Umred,https://www.dropbox.com/s/jnmm53o77ngb04i/Umred_ISM.pdf?dl=0,
Umreth,https://www.dropbox.com/s/svqde2db2qz6tqp/Umreth_ISM.pdf?dl=0,
Una,https://www.dropbox.com/s/5z764f60t9v8hs6/Una_ISM.pdf?dl=0,
Vadali,https://www.dropbox.com/s/pcf0imopjlekser/Vadali_ISM.pdf?dl=0,
Vadipatti,https://www.dropbox.com/s/9glgir7eodliu4s/Vadipatti_ISM.pdf?dl=0,
Vijapur,https://www.dropbox.com/s/4hlb199w09lub2k/Vijapur_ISM.pdf?dl=0,
Vijayapura,https://www.dropbox.com/s/oeml1xepjd87s9f/Vijayapura_ISM.pdf?dl=0,
Waraseoni,https://www.dropbox.com/s/kq8f0bf433yz6r6/Waraseoni_ISM.pdf?dl=0,
Wardha,https://www.dropbox.com/s/k44ubihwdgk570x/Wardha_ISM.pdf?dl=0,
Washim,https://www.dropbox.com/s/nw3btnyq15u8c3i/Washim_ISM.pdf?dl=0,
Yadgir,https://www.dropbox.com/s/m8p5jglb89s05u9/Yadgir_ISM.pdf?dl=0,
Yamuna Nagar,https://www.dropbox.com/s/tdv9mkzrxrrhm4y/Yamuna%20Nagar_ISM.pdf?dl=0,
Yavatmal,https://www.dropbox.com/s/s69psmvmmrejpqc/Yavatmal_ISM.pdf?dl=0,
Zira,https://www.dropbox.com/s/7kc3dba920g6w3j/Zira_ISM.pdf?dl=0,
