Filename,link
Ambasamudram,https://www.dropbox.com/s/ip16nukqmkfymj0/Ambasamudram%20Operational%20Map.png?dl=0
Abu Road,https://www.dropbox.com/s/uj4xn9ax0qi6j26/Abu%20Road.png?dl=0
Agar Malwa,https://www.dropbox.com/s/hbokkpyjl05c99p/Agar%20Malwa.png?dl=0
Agarpada,https://www.dropbox.com/s/xo8v6elv5o5ap2k/Agarpada%20Operational%20Map.png?dl=0
Ajitwal,https://www.dropbox.com/s/w7kiqwcn8wsb06y/Ajitwal%20Operational%20Map.png?dl=0
Aklera,https://www.dropbox.com/s/glitv3wcajxbod2/Aklera.png?dl=0
Akola,https://www.dropbox.com/s/jmo6c3peqnittw7/Akola.png?dl=0
Akot,https://www.dropbox.com/s/w27np6c76d7msd2/Akot.png?dl=0
Aland,https://www.dropbox.com/s/wthf2ieell1ry4v/Aland%20Operational%20Map.png?dl=0
Alipurduar,https://www.dropbox.com/s/aphoyz6ddqg2nxf/Alipurduar%20Operational%20Map.png?dl=0
Alirajpur,https://www.dropbox.com/s/cjddc6lyp0o4rqr/Alirajpur.png?dl=0
Alote,https://www.dropbox.com/s/tck0tjn9a2pwkzk/Alote.png?dl=0
Amarpur,https://www.dropbox.com/s/nbhz9nrv8gufzet/Amarpur%20Operational%20Map.png?dl=0
Ambad,https://www.dropbox.com/s/htl86injyeoh5tg/Ambad.png?dl=0
Ambikapur,https://www.dropbox.com/s/3nw46zmk7r9nc3h/Ambikapur%20Operational%20Map.png?dl=0
Amet,https://www.dropbox.com/s/rds2573qfjt4ly2/Amet.png?dl=0
Amgaon,https://www.dropbox.com/s/d1w41hckaw0t7vo/Amgaon.png?dl=0
Amravati,https://www.dropbox.com/s/ibcfl4ogqenouhs/Amravati.png?dl=0
Anandapur,https://www.dropbox.com/s/iccx060m65lrd6d/Anandapur%20Operational%20Map.png?dl=0
Andippatti,https://www.dropbox.com/s/6z0ydv453k696r9/Andippatti%20Operational%20Map.png?dl=0
Angul,https://www.dropbox.com/s/sp6533vjfn3b83v/Angul%20Operational%20Map.png?dl=0
Anupgarh,https://www.dropbox.com/s/5tmzcscgmvll866/Anupgarh.png?dl=0
Anuppur,https://www.dropbox.com/s/nmrcfdsqbafxj9y/Anuppur.png?dl=0
Aranthangi,https://www.dropbox.com/s/kwdggt26aeh8gle/Aranthangi%20Operational%20Map.png?dl=0
Areraj,https://www.dropbox.com/s/bhdnko3e3dvmowm/Areraj%20Operational%20Map.png?dl=0
Arniwala,https://www.dropbox.com/s/m3e90jpk0yf7xod/Arniwala%20Operational%20Map.png?dl=0
Arniwala-2,https://www.dropbox.com/s/rmjwwycotxyms45/Arniwala-2%20Operational%20Map.png?dl=0
Arrah,https://www.dropbox.com/s/1c3id593hi2w38e/Arrah%20Operational%20Map.png?dl=0
Arrah-2,https://www.dropbox.com/s/4uwbyvmuohqpyds/Arrah-2%20Operational%20Map.png?dl=0
Aruppukottai,https://www.dropbox.com/s/9ifm38ekd188xla/Aruppukottai%20Operational%20Map.png?dl=0
Aska,https://www.dropbox.com/s/7offg1dib6xtxb1/Aska%20Operational%20Map.png?dl=0
Assandh,https://www.dropbox.com/s/xzrlyon0x46cmem/Assandh.png?dl=0
Astha,https://www.dropbox.com/s/iwmmw6xx0294p20/Astha.png?dl=0
Athagarh,https://www.dropbox.com/s/519yw8uq88bz7up/Athagarh%20Operational%20Map.png?dl=0
Athamalik,https://www.dropbox.com/s/2e2tkexef6hwok9/Athamalik%20Operational%20Map.png?dl=0
Athner,https://www.dropbox.com/s/lsytvbuw82v65wh/Athner.png?dl=0
Bakhri,https://www.dropbox.com/s/zskh4cwccp127p8/Bakhri%20Operational%20Map.png?dl=0
Bansula,https://www.dropbox.com/s/ab0cs6p7vk3wnma/Bansula%20Operational%20Map.png?dl=0
Barhi(MP),https://www.dropbox.com/s/608decs9g9x5gcr/Barhi%28MP%29.png?dl=0
Bellary Rural,https://www.dropbox.com/s/hbpfjinskcj4npn/Bellary%20Rural%20Operational%20Map.png?dl=0
Benipatti,https://www.dropbox.com/s/83497eiono7z92d/Benipatti%20Operational%20Map.png?dl=0
Bhanegaon,https://www.dropbox.com/s/81c9vnrg3lqm5jb/Bhanegaon.png?dl=0
Bhinmal,https://www.dropbox.com/s/2b5vyjkvzdcefow/Bhinmal.png?dl=0
Botad,https://www.dropbox.com/s/wjbnxim2plwvvw2/Botad.png?dl=0
Dobhi,https://www.dropbox.com/s/sqdls5fsx9xm9px/Dobhi%20Operational%20Map.png?dl=0
Harsud,https://www.dropbox.com/s/84ayx3k68qstmsf/Harsud.png?dl=0
Indanpur,https://www.dropbox.com/s/1jimzmigugkdj3d/Indanpur%20Operational%20Map.png?dl=0
Jagannath Prasad,https://www.dropbox.com/s/t5qfhd13jjnbx4x/Jagannath%20Prasad%20Operational%20Map.png?dl=0
Jainagar,https://www.dropbox.com/s/198h39we605ij1s/Jainagar%20Operational%20Map.png?dl=0
Jaisinghnagar,https://www.dropbox.com/s/cpnptaytmbhbgfh/Jaisinghnagar.png?dl=0
Kantaphod,https://www.dropbox.com/s/0ktliizb5cne9su/Kantaphod.png?dl=0
Khairlanji,https://www.dropbox.com/s/4jt2wptjh76tf2b/Khairlanji.png?dl=0
Khajuriakata,https://www.dropbox.com/s/2xqir7pzwb7lezd/Khajuriakata%20Operational%20Map.png?dl=0
Khandwa,https://www.dropbox.com/s/9q69ffb1s4cjug2/Khandwa.png?dl=0
Khirkiya,https://www.dropbox.com/s/cdicyehviic8vey/Khirkiya.png?dl=0
Kolhui Bazar,https://www.dropbox.com/s/bhzhv2nb58gwb5x/Kolhui%20Bazar%20Operational%20Map.png?dl=0
Kotwa,https://www.dropbox.com/s/ulcwj5qf4ff0ln3/Kotwa%20Operational%20Map.png?dl=0
Krushnaprasad,https://www.dropbox.com/s/24pcl2q8x7ys5m9/Krushnaprasad%20Operational%20Map.png?dl=0
Lanji,https://www.dropbox.com/s/8q9r9lhaa127jb7/Lanji.png?dl=0
Majhauli,https://www.dropbox.com/s/0lppjwrqrosdrfd/Majhauli.png?dl=0
Mandore,https://www.dropbox.com/s/wiik36k2v8vcpab/Mandore.png?dl=0
Mirik,https://www.dropbox.com/s/goosu1n5tt05sii/Mirik%20Operational%20Map.png?dl=0
Motihari-2,https://www.dropbox.com/s/ia86lzh9zoeba5b/Motihari-2%20Operational%20Map.png?dl=0
Nachuni,https://www.dropbox.com/s/6bar0ryzmhqvshk/Nachuni%20Operational%20Map.png?dl=0
Nawegaon,https://www.dropbox.com/s/75jaamtlaj1l6nx/Nawegaon.png?dl=0
Riga,https://www.dropbox.com/s/35xdjy89o8zyu9c/Riga%20Operational%20Map.png?dl=0
Saharghat,https://www.dropbox.com/s/n23xcj87vbtyhsy/Saharghat%20Operational%20Map.png?dl=0
Siruguppa,https://www.dropbox.com/s/h4svkul3c9fn9a1/Siruguppa%20Operational%20Map.png?dl=0
Sri Villupattur,https://www.dropbox.com/s/z9ulld76d9agn7b/Sri%20Villupattur%20Operational%20Map.png?dl=0
Tenkasi,https://www.dropbox.com/s/266w1abgvew643o/Tenkasi%20Operational%20Map.png?dl=0
Udaipura,https://www.dropbox.com/s/o2oxguwoh07t5qd/Udaipura.png?dl=0
Beheri,https://www.dropbox.com/s/eqla0wjaxvn43ld/Beheri%20Operational%20Map.png?dl=0
Bheden,https://www.dropbox.com/s/tjh9esti5rir45d/Bheden%20Operational%20Map.png?dl=0
Biraul,https://www.dropbox.com/s/7yyi0ccneib0vbc/Biraul%20Operational%20Map.png?dl=0
Chandia,https://www.dropbox.com/s/wtdd34cw02szv0s/Chandia.png?dl=0
Charampa,https://www.dropbox.com/s/xm08jkfvdurn04n/Charampa%20Operational%20Map.png?dl=0
Chincholi,https://www.dropbox.com/s/dd049vjzj16yzsc/Chincholi%20Operational%20Map.png?dl=0
Chinnamanur,https://www.dropbox.com/s/o47hifd63rfy005/Chinnamanur%20Operational%20Map.png?dl=0
Dahod,https://www.dropbox.com/s/vm7dw9pjesbzhkv/Dahod.png?dl=0
Dhanduka,https://www.dropbox.com/s/py0c5jr5sy2v4pl/Dhanduka.png?dl=0
Dipka,https://www.dropbox.com/s/2zm3ccd6e3j08m8/Dipka%20Operational%20Map.png?dl=0
Dumariya,https://www.dropbox.com/s/9t78xin2gg9qwbj/Dumariya%20Operational%20Map.png?dl=0
Forbesganj-2,https://www.dropbox.com/s/2sokx7s84xywwtf/Forbesganj-2%20Operational%20Map.png?dl=0
Gadhada,https://www.dropbox.com/s/fehshrmcqhanrxq/Gadhada.png?dl=0
Jaisinghnagar-2,https://www.dropbox.com/s/rys8xomvdfu8gn3/Jaisinghnagar-2.png?dl=0
Jaitpur,https://www.dropbox.com/s/fxmz7cqb2r51hsu/Jaitpur.png?dl=0
Jhalod,https://www.dropbox.com/s/ppcow0s0yhzbh9f/Jhalod.png?dl=0
Jhalwar,https://www.dropbox.com/s/kmop3n36ak3ps7u/Jhalwar.png?dl=0
Jharbandh,https://www.dropbox.com/s/1st9uxapji4rfkj/Jharbandh%20Operational%20Map.png?dl=0
Karanjamal,https://www.dropbox.com/s/j09kyn4261u73xy/Karanjamal%20Operational%20Map.png?dl=0
Khajuwala,https://www.dropbox.com/s/g7quggrtybdzfg8/Khajuwala.png?dl=0
Khalwa,https://www.dropbox.com/s/0jnlpljb3pmzps4/Khalwa.png?dl=0
Khutauna,https://www.dropbox.com/s/tluxfgd43wf45y5/Khutauna%20Operational%20Map.png?dl=0
Malegaon,https://www.dropbox.com/s/v1no4xj4o63bj3w/Malegaon.png?dl=0
Marwahi,https://www.dropbox.com/s/v50mkgayj7vc5x9/Marwahi%20Operational%20Map.png?dl=0
Motipur,https://www.dropbox.com/s/hvf1neytd1tb0jc/Motipur%20Operational%20Map.png?dl=0
Nazareth,https://www.dropbox.com/s/8xb4h73nu84ypdw/Nazareth%20Operational%20Map.png?dl=0
Pandhana,https://www.dropbox.com/s/w6d3x4p4c577cgp/Pandhana.png?dl=0
Paraswada,https://www.dropbox.com/s/1vxyredb2fe0wsl/Paraswada.png?dl=0
Pendra Road,https://www.dropbox.com/s/k9zhjnvz958uso4/Pendra%20Road%20Operational%20Map.png?dl=0
Pirahat,https://www.dropbox.com/s/mkm2k2nqcz3g9l2/Pirahat%20Operational%20Map.png?dl=0
Puliyangudi,https://www.dropbox.com/s/1q1cl86jukcj3qj/Puliyangudi%20Operational%20Map.png?dl=0
Punasa,https://www.dropbox.com/s/rgc3rrjbybtkhdz/Punasa.png?dl=0
Rajnagar,https://www.dropbox.com/s/bqhqe8igjpecpw2/Rajnagar%20Operational%20Map.png?dl=0
Ramanathapuram,https://www.dropbox.com/s/0h84vckxgeqp16q/Ramanathapuram%20Operational%20Map.png?dl=0
Rameswaram,https://www.dropbox.com/s/85odp0i68vw8o57/Rameswaram%20Operational%20Map.png?dl=0
Raniganj(patna),https://www.dropbox.com/s/wbnjiyxai89tfs1/Raniganj%28patna%29%20Operational%20Map.png?dl=0
Raxaul,https://www.dropbox.com/s/5judbab28lhk9uv/Raxaul%20Operational%20Map.png?dl=0
Samraniya,https://www.dropbox.com/s/dmo6v3xfhfy0hq0/Samraniya.png?dl=0
Sanchore,https://www.dropbox.com/s/uv1x8lr3t7e0yhh/Sanchore.png?dl=0
Shamlaji,https://www.dropbox.com/s/1pmb6jyjmd7c11j/Shamlaji.png?dl=0
Shivpuram,https://www.dropbox.com/s/gghik1kokzzgci8/Shivpuram.png?dl=0
Supaul,https://www.dropbox.com/s/exhkxqf4535bhze/Supaul%20Operational%20Map.png?dl=0
Tarapur(Gj),https://www.dropbox.com/s/18ih4s9ahjxsoo3/Tarapur%28Gj%29.png?dl=0
Thandla,https://www.dropbox.com/s/20beiy1rxjlrl60/Thandla.png?dl=0
Tirthpuri,https://www.dropbox.com/s/tldukszhjacbwzc/Tirthpuri.png?dl=0
Udaipura-2,https://www.dropbox.com/s/gu86kjuw8ksc5iu/Udaipura-2.png?dl=0
Waraseoni,https://www.dropbox.com/s/zjhf8w5cru3znq2/Waraseoni.png?dl=0
Adegaon,https://www.dropbox.com/s/mu78yyytmof3fva/Adegaon.png?dl=0
Barwala,https://www.dropbox.com/s/snd80zg6vnk48u6/Barwala.png?dl=0
Burla,https://www.dropbox.com/s/v5gq8vg9rge633p/Burla%20Operational%20Map.png?dl=0
Chhapara,https://www.dropbox.com/s/2n5t77twkwy0tpf/Chhapara.png?dl=0
Dhusuri,https://www.dropbox.com/s/hnwlp9g7no9ij08/Dhusuri%20Operational%20Map.png?dl=0
Gerabari,https://www.dropbox.com/s/y89pk1n7hics7cn/Gerabari%20Operational%20Map.png?dl=0
Gudgaon,https://www.dropbox.com/s/ibr5qdx3p74xuyu/Gudgaon.png?dl=0
Kayathar,https://www.dropbox.com/s/2wrowg21a3zd0cv/Kayathar%20Operational%20Map.png?dl=0
Khaknar,https://www.dropbox.com/s/94wi4zmvgt5mgkg/Khaknar.png?dl=0
Kheda,https://www.dropbox.com/s/eg38rt9o3pm57uw/Kheda.png?dl=0
Komana,https://www.dropbox.com/s/dg1e6va06fr8zfz/Komana%20Operational%20Map.png?dl=0
Kursela,https://www.dropbox.com/s/7hj3va2dhtnq67t/Kursela%20Operational%20Map.png?dl=0
Manasa,https://www.dropbox.com/s/3luwhmp430zqltc/Manasa.png?dl=0
Motihari,https://www.dropbox.com/s/xlqansl33itvr6o/Motihari%20Operational%20Map.png?dl=0
Narpatganj,https://www.dropbox.com/s/x6i9yribenb7gqd/Narpatganj%20Operational%20Map.png?dl=0
Patepur,https://www.dropbox.com/s/r04jhnch5za628w/Patepur%20Operational%20Map.png?dl=0
Pudiyamputhur,https://www.dropbox.com/s/ackv2lzq1sm3jal/Pudiyamputhur%20Operational%20Map.png?dl=0
Raichur,https://www.dropbox.com/s/1oq9zg983zg3vn1/Raichur%20Operational%20Map.png?dl=0
Sayalgudi,https://www.dropbox.com/s/a4tvgx7x8g32b6b/Sayalgudi%20Operational%20Map.png?dl=0
Sedam,https://www.dropbox.com/s/udw0w9ib1bb80tq/Sedam%20Operational%20Map.png?dl=0
Sugauli,https://www.dropbox.com/s/w1qrumnyh8efrgr/Sugauli%20Operational%20Map.png?dl=0
Vijayapura,https://www.dropbox.com/s/1809o02ngq8tc3h/Vijayapura%20Operational%20Map.png?dl=0
Attabira,https://www.dropbox.com/s/te5nqkx824pdmoo/Attabira%20Operational%20Map.png?dl=0
Aurad,https://www.dropbox.com/s/uswcm6t2t5cqz7w/Aurad%20Operational%20Map.png?dl=0
Badamba,https://www.dropbox.com/s/q9epd2paxt7nvwv/Badamba%20Operational%20Map.png?dl=0
Badnapur,https://www.dropbox.com/s/dlu4ob7kzwmxemm/Badnapur.png?dl=0
Balaghat,https://www.dropbox.com/s/gdurboolkmdfkyn/Balaghat.png?dl=0
Balia,https://www.dropbox.com/s/29mrbqgkegehhyr/Balia%20Operational%20Map.png?dl=0
Bamhani,https://www.dropbox.com/s/iwdusopylsh71gc/Bamhani.png?dl=0
Banka,https://www.dropbox.com/s/4lesrc6p2mmjlk7/Banka%20Operational%20Map.png?dl=0
Bareli,https://www.dropbox.com/s/g9tziqi1trwui59/Bareli.png?dl=0
Barpali,https://www.dropbox.com/s/ji2h0e02eyw3v3t/Barpali%20Operational%20Map.png?dl=0
Basna,https://www.dropbox.com/s/duaj7d4x2ljmtxb/Basna%20Operational%20Map.png?dl=0
Betul,https://www.dropbox.com/s/g0xly91ki1e1uec/Betul.png?dl=0
Bhadra,https://www.dropbox.com/s/wm6ux4dcennwfk6/Bhadra.png?dl=0
Bhalki,https://www.dropbox.com/s/i6jbvn8vtpq3kyc/Bhalki%20Operational%20Map.png?dl=0
Bhusra,https://www.dropbox.com/s/w9ilx9a1ddwb7cl/Bhusra%20Operational%20Map.png?dl=0
Bicchua,https://www.dropbox.com/s/xeg4s89t0f58dx2/Bicchua.png?dl=0
Bidar Rural,https://www.dropbox.com/s/cw2tj0k1ryap2as/Bidar%20Rural%20Operational%20Map.png?dl=0
Borsad,https://www.dropbox.com/s/jt54sxlyyfvtwyv/Borsad.png?dl=0
Burhanpur,https://www.dropbox.com/s/xid6loowxp1glzj/Burhanpur.png?dl=0
Burhar,https://www.dropbox.com/s/3gkb24qroohokyv/Burhar.png?dl=0
Chausa Bazar,https://www.dropbox.com/s/jb9f01s5cvs668q/Chausa%20Bazar%20Operational%20Map.png?dl=0
Datia,https://www.dropbox.com/s/0eylrbk0yxt060s/Datia.png?dl=0
Double Chowki,https://www.dropbox.com/s/jh4uk7hgwhvkm8g/Double%20Chowki.png?dl=0
Dunawa,https://www.dropbox.com/s/kp4u7ji8lcdk6hk/Dunawa.png?dl=0
Fatuah,https://www.dropbox.com/s/hm8d1ncmp06k88y/Fatuah%20Operational%20Map.png?dl=0
Forbesganj,https://www.dropbox.com/s/o4sn6r8609dgisv/Forbesganj%20Operational%20Map.png?dl=0
Gadag,https://www.dropbox.com/s/mfnd4wh99mlfw9w/Gadag%20Operational%20Map.png?dl=0
Gaisilat,https://www.dropbox.com/s/84uvv19lg7u3qj6/Gaisilat%20Operational%20Map.png?dl=0
Gambharimunda,https://www.dropbox.com/s/5edxf6djczo8fk5/Gambharimunda%20Operational%20Map.png?dl=0
Georai,https://www.dropbox.com/s/2islv8bfkxnnvfw/Georai.png?dl=0
Gharsana,https://www.dropbox.com/s/7hx1v53pmz272l5/Gharsana.png?dl=0
Ghorasahan,https://www.dropbox.com/s/8v01apfo1xcgs9h/Ghorasahan%20Operational%20Map.png?dl=0
Godhra,https://www.dropbox.com/s/nj3zld0z3g091f9/Godhra.png?dl=0
Indri,https://www.dropbox.com/s/h980103g70rbgij/Indri%20Operational%20Map.png?dl=0
Jalgaon,https://www.dropbox.com/s/tc3078iz1okcdp5/Jalgaon.png?dl=0
Jaora,https://www.dropbox.com/s/5barqsac8t16jfd/Jaora.png?dl=0
Jewargi,https://www.dropbox.com/s/7e141rlhoxx51nm/Jewargi%20Operational%20Map.png?dl=0
Jharsuguda,https://www.dropbox.com/s/uf3z3njgp1ia8ub/Jharsuguda%20Operational%20Map.png?dl=0
Joda,https://www.dropbox.com/s/k4bqh1gai5j5foh/Joda%20Operational%20Map.png?dl=0
Kalugumalai,https://www.dropbox.com/s/cxkel35ocslp1ss/Kalugumalai%20Operational%20Map.png?dl=0
Kangeyam,https://www.dropbox.com/s/e3anx2s8xpva5hd/Kangeyam%20Operational%20Map.png?dl=0
Kannod,https://www.dropbox.com/s/9xk1csmou7fs8ot/Kannod.png?dl=0
Kesariya,https://www.dropbox.com/s/6uwtp66vhqcizn0/Kesariya%20Operational%20Map.png?dl=0
Keshkal,https://www.dropbox.com/s/lzk19d7p2xgepeh/Keshkal%20Operational%20Map.png?dl=0
Khagaria,https://www.dropbox.com/s/0pw771r94u277bz/Khagaria%20Operational%20Map.png?dl=0
Khalikote,https://www.dropbox.com/s/rzo330ikl4dwd6v/Khalikote%20Operational%20Map.png?dl=0
Khamar,https://www.dropbox.com/s/c3wm9w1qh92xg1y/Khamar%20Operational%20Map.png?dl=0
Kishorenagar,https://www.dropbox.com/s/fhkx21uvb8izxe3/Kishorenagar%20Operational%20Map.png?dl=0
Kuchaikote,https://www.dropbox.com/s/vimjhnmbwls0dlc/Kuchaikote%20Operational%20Map.png?dl=0
Lalbarra,https://www.dropbox.com/s/i5kqcj4ps6psaf9/Lalbarra.png?dl=0
Limdi,https://www.dropbox.com/s/i1q2c7psfylrjlg/Limdi.png?dl=0
Madathukulam,https://www.dropbox.com/s/h0s6oe3mncwqnsa/Madathukulam%20Operational%20Map.png?dl=0
Madhepura,https://www.dropbox.com/s/nudh287hoen43ql/Madhepura%20Operational%20Map.png?dl=0
Madhubani,https://www.dropbox.com/s/mxik23gk9mgz40g/Madhubani%20Operational%20Map.png?dl=0
Maihar,https://www.dropbox.com/s/10anezobncuhzp6/Maihar.png?dl=0
Majorganj,https://www.dropbox.com/s/ram3g6466bw1k2m/Majorganj%20Operational%20Map.png?dl=0
Malegaon Jahangir,https://www.dropbox.com/s/f7h7qbb99tyc4bj/Malegaon%20Jahangir.png?dl=0
Malkapur,https://www.dropbox.com/s/ib2rm23soxdsoml/Malkapur.png?dl=0
Manapparai,https://www.dropbox.com/s/9b9w429pvcek039/Manapparai%20Operational%20Map.png?dl=0
Manendragarh,https://www.dropbox.com/s/fnc6avk3057wp4c/Manendragarh%20Operational%20Map.png?dl=0
Musiri,https://www.dropbox.com/s/ju1wmux7v55ane1/Musiri%20Operational%20Map.png?dl=0
Nasrullaganj,https://www.dropbox.com/s/0vbeqgel6dvpufh/Nasrullaganj.png?dl=0
Nevasa,https://www.dropbox.com/s/afb69in64ab3ykp/Nevasa.png?dl=0
Oddanchatram,https://www.dropbox.com/s/kgct24mzxwrhqu2/Oddanchatram%20Operational%20Map.png?dl=0
Pali(CG),https://www.dropbox.com/s/69oj9fpnro6az1h/Pali%28CG%29%20Operational%20Map.png?dl=0
Pali(MP),https://www.dropbox.com/s/ebw5eexl51js2yt/Pali%28MP%29.png?dl=0
Patti,https://www.dropbox.com/s/aj28lrxuvou522n/Patti%20Operational%20Map.png?dl=0
Raighar,https://www.dropbox.com/s/e6uneuu77qbjjty/Raighar%20Operational%20Map.png?dl=0
Ratia,https://www.dropbox.com/s/utzqa5oadbnsywc/Ratia.png?dl=0
Sarairanjan,https://www.dropbox.com/s/kv48w945kq4zc99/Sarairanjan%20Operational%20Map.png?dl=0
Saraiya,https://www.dropbox.com/s/knw3wmv0oa2pbpt/Saraiya%20Operational%20Map.png?dl=0
Seoni Malwa,https://www.dropbox.com/s/venw4i7ejgfn1xy/Seoni%20Malwa.png?dl=0
Shahdol,https://www.dropbox.com/s/qq8fnnbobfyiyuz/Shahdol.png?dl=0
Shirur,https://www.dropbox.com/s/2fakvbiix9gm3iv/Shirur.png?dl=0
Shyamgarh,https://www.dropbox.com/s/3od95jkcwny5vpy/Shyamgarh.png?dl=0
Sikandara,https://www.dropbox.com/s/wc04wlqbbl4a9q2/Sikandara%20Operational%20Map.png?dl=0
Simrahi Bazar,https://www.dropbox.com/s/wup99laxhceh92f/Simrahi%20Bazar%20Operational%20Map.png?dl=0
Simri Bakhtiarpur,https://www.dropbox.com/s/2f6ej7s1sceb2rx/Simri%20Bakhtiarpur%20Operational%20Map.png?dl=0
Sironj,https://www.dropbox.com/s/w9tvjmcqxwwjds7/Sironj.png?dl=0
Sitapur,https://www.dropbox.com/s/y2d51dpk3eksuo2/Sitapur%20Operational%20Map.png?dl=0
Siwani,https://www.dropbox.com/s/bbb95piz6e0mtcx/Siwani.png?dl=0
Subdega,https://www.dropbox.com/s/ey7tbauzd7g2cwy/Subdega%20Operational%20Map.png?dl=0
Tangi,https://www.dropbox.com/s/hnk1k28do9yx0m0/Tangi%20Operational%20Map.png?dl=0
Tohana,https://www.dropbox.com/s/v3lx43wsfl5ch61/Tohana.png?dl=0
Triveniganj,https://www.dropbox.com/s/w2w4jx81lieorcw/Triveniganj%20Operational%20Map.png?dl=0
Uda Kishanganj,https://www.dropbox.com/s/ezj6v7a002vlnrv/Uda%20Kishanganj%20Operational%20Map.png?dl=0
Umaria Pan,https://www.dropbox.com/s/nv5lsjo91czy0nr/Umaria%20Pan.png?dl=0
Umarpada,https://www.dropbox.com/s/zjj8yti2xnx6yjn/Umarpada.png?dl=0
Washim,https://www.dropbox.com/s/8aqmyk9a778e2nw/Washim.png?dl=0
Basudevpur,https://www.dropbox.com/s/331a1yp1xakqtmf/Basudevpur%20Operational%20Map.png?dl=0
Beohari,https://www.dropbox.com/s/9uu0gi6bs1q5utk/Beohari.png?dl=0
Betada,https://www.dropbox.com/s/yb0j8x0ttbeehlv/Betada%20Operational%20Map.png?dl=0
Bhainsdehi,https://www.dropbox.com/s/5uc1fgx87zvrxwc/Bhainsdehi.png?dl=0
Bidupur,https://www.dropbox.com/s/69z8mklrz592k13/Bidupur%20Operational%20Map.png?dl=0
Chalisgaon,https://www.dropbox.com/s/r0n3vn97afpvckq/Chalisgaon.png?dl=0
Chopda,https://www.dropbox.com/s/hjelq4dxdp6ckqo/Chopda.png?dl=0
Dabwali,https://www.dropbox.com/s/ozoiw5gmhos4lyq/Dabwali.png?dl=0
Dalsinghsarai,https://www.dropbox.com/s/klqa9dpo1ge3vqy/Dalsinghsarai%20Operational%20Map.png?dl=0
Fatehgarh Churiyan 2,https://www.dropbox.com/s/dii7u2ddaigan5d/Fatehgarh%20Churiyan%202%20Operational%20Map.png?dl=0
Jojawar,https://www.dropbox.com/s/8j39ueyzursd3gs/Jojawar.png?dl=0
Kantillo,https://www.dropbox.com/s/uhwqbmxmad7btpc/Kantillo%20Operational%20Map.png?dl=0
Kapren,https://www.dropbox.com/s/a2qntmw66vxpygw/Kapren.png?dl=0
Khejuri,https://www.dropbox.com/s/7kju3rd9xkt9nej/Khejuri%20Operational%20Map.png?dl=0
Korba,https://www.dropbox.com/s/i5l5ap8nia8p7br/Korba%20Operational%20Map.png?dl=0
Kundam,https://www.dropbox.com/s/c4la41qcjjuenc3/Kundam.png?dl=0
Loharu,https://www.dropbox.com/s/0okfk7czhihxany/Loharu.png?dl=0
Mangalpur,https://www.dropbox.com/s/zsq8frha334i4di/Mangalpur%20Operational%20Map.png?dl=0
Narsinghpur(MP),https://www.dropbox.com/s/fvwnllismga2ybu/Narsinghpur%28MP%29.png?dl=0
Pachora,https://www.dropbox.com/s/erb21nxf6g042mz/Pachora.png?dl=0
Panchagaon,https://www.dropbox.com/s/sdbwrws0qjarinw/Panchagaon%20Operational%20Map.png?dl=0
Papadahandi,https://www.dropbox.com/s/o6cdnpmsl934bbz/Papadahandi%20Operational%20Map.png?dl=0
Pathankot,https://www.dropbox.com/s/xnkcuxzse8ixhk2/Pathankot%20Operational%20Map.png?dl=0
Rengali,https://www.dropbox.com/s/n85mzia4cssxg2q/Rengali%20Operational%20Map.png?dl=0
Sendhva,https://www.dropbox.com/s/n1ogfvjkz0m6lu6/Sendhva.png?dl=0
Sendurai,https://www.dropbox.com/s/7ljz8aucn917qmu/Sendurai%20Operational%20Map.png?dl=0
Shahada,https://www.dropbox.com/s/90n69j34kc237rj/Shahada.png?dl=0
Shirpur,https://www.dropbox.com/s/006y9lye2v73b97/Shirpur.png?dl=0
Shri Dungargarh,https://www.dropbox.com/s/jh2pwuww47m7nh5/Shri%20Dungargarh.png?dl=0
Talikoti,https://www.dropbox.com/s/o3b8tfssguht8wr/Talikoti%20Operational%20Map.png?dl=0
Tikamgarh,https://www.dropbox.com/s/vunfu4xzfhe7ers/Tikamgarh.png?dl=0
Bagaha,https://www.dropbox.com/s/vryqw9tu5eocweg/Bagaha%20Operational%20Map.png?dl=0
Balugaon,https://www.dropbox.com/s/sx6lcc0bv5zumct/Balugaon%20Operational%20Map.png?dl=0
Barh,https://www.dropbox.com/s/0lmxtm98x7zhem5/Barh%20Operational%20Map.png?dl=0
Bariyahi,https://www.dropbox.com/s/obw12n2v0b25v9i/Bariyahi%20Operational%20Map.png?dl=0
Barwani,https://www.dropbox.com/s/mupcawx4n77zvhh/Barwani.png?dl=0
Bhanupratappur,https://www.dropbox.com/s/plsuiess72o7ij7/Bhanupratappur%20Operational%20Map.png?dl=0
Bilaspur-2,https://www.dropbox.com/s/dkzvaijlgbhuw9y/Bilaspur-2%20Operational%20Map.png?dl=0
Binjharpur,https://www.dropbox.com/s/8m0z9h6qfgjr4z5/Binjharpur%20Operational%20Map.png?dl=0
Bounsi,https://www.dropbox.com/s/b8hrosvqci9r8pa/Bounsi%20Operational%20Map.png?dl=0
Chakia,https://www.dropbox.com/s/bu4oym6r82sb53w/Chakia%20Operational%20Map.png?dl=0
Dabra,https://www.dropbox.com/s/lfgrxodqzgqh5l0/Dabra.png?dl=0
Deoriya,https://www.dropbox.com/s/md32po2mdemxepq/Deoriya%20Operational%20Map.png?dl=0
Dewas,https://www.dropbox.com/s/o7wq83g0jx6lue0/Dewas.png?dl=0
Gawan,https://www.dropbox.com/s/69alwte1ctfdm2k/Gawan%20Operational%20Map.png?dl=0
Gopalpur,https://www.dropbox.com/s/px4hqhw7isxrcrc/Gopalpur%20Operational%20Map.png?dl=0
Hasimara,https://www.dropbox.com/s/gqhn2tfqfjecjfi/Hasimara%20Operational%20Map.png?dl=0
Itarsi,https://www.dropbox.com/s/kbkjlrvdz9muffl/Itarsi.png?dl=0
Kalayat,https://www.dropbox.com/s/pgokg0ddc06d568/Kalayat.png?dl=0
Lakhisarai,https://www.dropbox.com/s/690em90nhh82tjo/Lakhisarai%20Operational%20Map.png?dl=0
Nagda,https://www.dropbox.com/s/i0v57b67jrpu3sa/Nagda.png?dl=0
Pattukkottai,https://www.dropbox.com/s/d7varf2ilheaxaj/Pattukkottai%20Operational%20Map.png?dl=0
Pratapur,https://www.dropbox.com/s/hk6r95ewgajxwf3/Pratapur.png?dl=0
Raisen,https://www.dropbox.com/s/lfb3jsff29zuzn3/Raisen.png?dl=0
Ranka,https://www.dropbox.com/s/9w3v805gmulzh7u/Ranka%20Operational%20Map.png?dl=0
Sheragada,https://www.dropbox.com/s/zyp1f5bh0lzx4hf/Sheragada%20Operational%20Map.png?dl=0
Sidhi,https://www.dropbox.com/s/cmi6n51th2lw1lv/Sidhi.png?dl=0
Talwandi Sabo,https://www.dropbox.com/s/otvf6qx0aocf1i0/Talwandi%20Sabo%20Operational%20Map.png?dl=0
Vijapur,https://www.dropbox.com/s/ug7kwyn9duax4b9/Vijapur.png?dl=0
Yadgir,https://www.dropbox.com/s/ir0vs2bnzj5myvz/Yadgir%20Operational%20Map.png?dl=0
Ashta,https://www.dropbox.com/s/vasg356cmm8zyt0/Ashta.png?dl=0
Banarpal,https://www.dropbox.com/s/58s4r5g24hd49x0/Banarpal%20Operational%20Map.png?dl=0
Banki,https://www.dropbox.com/s/dc8m5fpsuzobl5k/Banki%20Operational%20Map.png?dl=0
Bantala,https://www.dropbox.com/s/6q99wmi8xwxyrxe/Bantala%20Operational%20Map.png?dl=0
Basavakalyan,https://www.dropbox.com/s/om9j7mim5qay3a4/Basavakalyan%20Operational%20Map.png?dl=0
Batkakhapa,https://www.dropbox.com/s/o0lwdiyllckza3z/Batkakhapa.png?dl=0
Belpahar,https://www.dropbox.com/s/rxxb4a5p64piznk/Belpahar%20Operational%20Map.png?dl=0
Bhuban,https://www.dropbox.com/s/xk0r5kcdclbo9vl/Bhuban%20Operational%20Map.png?dl=0
Blacklisted Area,https://www.dropbox.com/s/out7had5uc0qzjv/Blacklisted%20Area%20Operational%20Map.png?dl=0
Bonth,https://www.dropbox.com/s/kmu7tar8e3eca2n/Bonth%20Operational%20Map.png?dl=0
Chakai,https://www.dropbox.com/s/4gsizx2v9igwf14/Chakai%20Operational%20Map.png?dl=0
Chalsa,https://www.dropbox.com/s/66z6m6xv99yr56e/Chalsa%20Operational%20Map.png?dl=0
Chaurai,https://www.dropbox.com/s/54jsdgz1chtajg5/Chaurai.png?dl=0
Chicholi,https://www.dropbox.com/s/krgoyk5l22bgkbh/Chicholi.png?dl=0
Danta,https://www.dropbox.com/s/l7euzr1cv33a8zt/Danta.png?dl=0
Daudnagar,https://www.dropbox.com/s/m2tbc7yzmaa1bpr/Daudnagar%20Operational%20Map.png?dl=0
Dhamdaha,https://www.dropbox.com/s/2p7p9wgxys8dlm8/Dhamdaha%20Operational%20Map.png?dl=0
Duburi,https://www.dropbox.com/s/dlwjnnqy6nw4ud5/Duburi%20Operational%20Map.png?dl=0
Fatehgarh Churiyan,https://www.dropbox.com/s/dagniw60h4kmygw/Fatehgarh%20Churiyan%20Operational%20Map.png?dl=0
Harda,https://www.dropbox.com/s/y61z7eaedd19znv/Harda.png?dl=0
Haveri,https://www.dropbox.com/s/4vi0bb7hzsicgwb/Haveri%20Operational%20Map.png?dl=0
Hisar,https://www.dropbox.com/s/5aez036zquswmet/Hisar.png?dl=0
Ilkal,https://www.dropbox.com/s/u11mjq7jc9tl1hp/Ilkal%20Operational%20Map.png?dl=0
Islampur,https://www.dropbox.com/s/vrzauxs1ewdt937/Islampur%20Operational%20Map.png?dl=0
Jajpur Town,https://www.dropbox.com/s/vn50bnxy91pb525/Jajpur%20Town%20Operational%20Map.png?dl=0
Jandiala 2,https://www.dropbox.com/s/5t3oiawutprlzpr/Jandiala%202%20Operational%20Map.png?dl=0
Jirapur,https://www.dropbox.com/s/0qg6yskqxlzksi2/Jirapur.png?dl=0
Junnardeo,https://www.dropbox.com/s/t12kbbi7oocgxbc/Junnardeo.png?dl=0
Kannad,https://www.dropbox.com/s/yadn0poj78mb9wb/Kannad.png?dl=0
Keolari,https://www.dropbox.com/s/50a2np0hzj2knik/Keolari.png?dl=0
Khaira,https://www.dropbox.com/s/fewvcgy73cklyw7/Khaira%20Operational%20Map.png?dl=0
Kotulpur,https://www.dropbox.com/s/w8uyhpxb3lj3h6e/Kotulpur%20Operational%20Map.png?dl=0
Kurseong,https://www.dropbox.com/s/9fbv0pyhx5zfeuh/Kurseong%20Operational%20Map.png?dl=0
Majholi,https://www.dropbox.com/s/tfg6ycbdk23w7v9/Majholi.png?dl=0
Maksi,https://www.dropbox.com/s/j5z3a7e0nk0y4f9/Maksi.png?dl=0
Mandvi,https://www.dropbox.com/s/jrpgkizz4j528tl/Mandvi.png?dl=0
Manjhaul,https://www.dropbox.com/s/k4ad5hir64tqz40/Manjhaul%20Operational%20Map.png?dl=0
Muddebihal,https://www.dropbox.com/s/k7xd4navqmj6k2i/Muddebihal%20Operational%20Map.png?dl=0
Narwana,https://www.dropbox.com/s/afjyh8ri2986pgr/Narwana.png?dl=0
Nayagarh,https://www.dropbox.com/s/urfjkguitz9xyeg/Nayagarh%20Operational%20Map.png?dl=0
Niphad,https://www.dropbox.com/s/m4lh3xk5q0ox8jr/Niphad.png?dl=0
Partur,https://www.dropbox.com/s/0o1sh44bef3v025/Partur.png?dl=0
Perambalur,https://www.dropbox.com/s/ja8mb8fcp7h82ul/Perambalur%20Operational%20Map.png?dl=0
Phulparash,https://www.dropbox.com/s/oq3pnzxumebu21a/Phulparash%20Operational%20Map.png?dl=0
Ponnamaravathi,https://www.dropbox.com/s/pgjl5r65swlfnxl/Ponnamaravathi%20Operational%20Map.png?dl=0
Prithvipur,https://www.dropbox.com/s/i1a6lrdqrjr8gqv/Prithvipur.png?dl=0
Ramnagar,https://www.dropbox.com/s/pdbqp00obck52s9/Ramnagar%20Operational%20Map.png?dl=0
Rampur Naikin,https://www.dropbox.com/s/gn2b4s2s1cfxo5p/Rampur%20Naikin.png?dl=0
Ranibennur,https://www.dropbox.com/s/0iqu938u0owtcbk/Ranibennur%20Operational%20Map.png?dl=0
Ratangarh,https://www.dropbox.com/s/l4drl3g9s0g7leo/Ratangarh.png?dl=0
Rayya 2,https://www.dropbox.com/s/j83ltxqwb5mvg3v/Rayya%202%20Operational%20Map.png?dl=0
Risod,https://www.dropbox.com/s/gx1ostysk132q9x/Risod.png?dl=0
Rosera,https://www.dropbox.com/s/uqw5u5sh0y1rr17/Rosera%20Operational%20Map.png?dl=0
Sangamner,https://www.dropbox.com/s/4dhxo2gfvqk6hv7/Sangamner.png?dl=0
Saraipalli,https://www.dropbox.com/s/hqogq74u6jhulg6/Saraipalli%20Operational%20Map.png?dl=0
Seondha,https://www.dropbox.com/s/agzbcrsv6d4okf5/Seondha.png?dl=0
Shah Patori,https://www.dropbox.com/s/pt634nhm3jh8lq7/Shah%20Patori%20Operational%20Map.png?dl=0
Shahpur,https://www.dropbox.com/s/zbls6pzn8yo1wc0/Shahpur.png?dl=0
Sindagi,https://www.dropbox.com/s/91e42n0uqa73kbg/Sindagi%20Operational%20Map.png?dl=0
Sindhanur,https://www.dropbox.com/s/xsk4wlh7vdxg3m5/Sindhanur%20Operational%20Map.png?dl=0
Sirohi,https://www.dropbox.com/s/vs09tu9xj5p07k4/Sirohi.png?dl=0
Sironj-2,https://www.dropbox.com/s/1rqxvcwt6zxsbre/Sironj-2.png?dl=0
Sohela,https://www.dropbox.com/s/w4ckoyhsixcrdgv/Sohela%20Operational%20Map.png?dl=0
Suhagpur,https://www.dropbox.com/s/d06bxpl6sagsw9b/Suhagpur.png?dl=0
Surapura,https://www.dropbox.com/s/fu2pafwaggsx27y/Surapura%20Operational%20Map.png?dl=0
Talcher,https://www.dropbox.com/s/mk6z6r0pnwny9t3/Talcher%20Operational%20Map.png?dl=0
Tihidi,https://www.dropbox.com/s/7li7vlkrqfkibku/Tihidi%20Operational%20Map.png?dl=0
Udaipur,https://www.dropbox.com/s/dzflgn98lhvm7kf/Udaipur%20Operational%20Map.png?dl=0
Umariya,https://www.dropbox.com/s/r5eru4w6e37ku0d/Umariya.png?dl=0
Vadipatti,https://www.dropbox.com/s/c1je8hzwknaovp0/Vadipatti%20Operational%20Map.png?dl=0
Chandapur,https://www.dropbox.com/s/hdd0y1bhl87ofzq/Chandapur%20Operational%20Map.png?dl=0
Dharmagarh,https://www.dropbox.com/s/pcnkb3ew92y3rgs/Dharmagarh%20Operational%20Map.png?dl=0
Gania,https://www.dropbox.com/s/s7prc7lgvgnb9n8/Gania%20Operational%20Map.png?dl=0
Gulbarga Rural,https://www.dropbox.com/s/kaeepgq8jx464oi/Gulbarga%20Rural%20Operational%20Map.png?dl=0
Hilsa,https://www.dropbox.com/s/33lv25krdgbyx5k/Hilsa%20Operational%20Map.png?dl=0
Jhajha,https://www.dropbox.com/s/bb07qng4w10nnxk/Jhajha%20Operational%20Map.png?dl=0
Mahnar,https://www.dropbox.com/s/dggd37jhlq0dbi4/Mahnar%20Operational%20Map.png?dl=0
Mandla,https://www.dropbox.com/s/1ucm9fv6b8eyutu/Mandla.png?dl=0
Agalpur,https://www.dropbox.com/s/akz2xssapw1ghb5/Agalpur%20Operational%20Map.png?dl=0
Bada Malhera,https://www.dropbox.com/s/6bq3t87uvn2npit/Bada%20Malhera.png?dl=0
Bagbahara,https://www.dropbox.com/s/knee82i8i2b52gk/Bagbahara%20Operational%20Map.png?dl=0
Bagdogra,https://www.dropbox.com/s/extiqqfwzvexp6r/Bagdogra%20Operational%20Map.png?dl=0
Barkot,https://www.dropbox.com/s/5biknhyjrlcgyjy/Barkot%20Operational%20Map.png?dl=0
Betma,https://www.dropbox.com/s/u9d2bu23rwbyc0q/Betma.png?dl=0
Bhiloda,https://www.dropbox.com/s/d2bg9r5p93o5q2p/Bhiloda.png?dl=0
Bhusawal,https://www.dropbox.com/s/g7ts3bqwp5o01zf/Bhusawal.png?dl=0
Boinda,https://www.dropbox.com/s/lpcix4u88452atz/Boinda%20Operational%20Map.png?dl=0
Budhana,https://www.dropbox.com/s/73kum5h1kw47qwy/Budhana%20Operational%20Map.png?dl=0
Buldana,https://www.dropbox.com/s/8d1v4wl7o8ywtpe/Buldana.png?dl=0
Chhatarpur(MP),https://www.dropbox.com/s/dfcgsm0ytkkhqvb/Chhatarpur%28MP%29.png?dl=0
Chhindwara,https://www.dropbox.com/s/1nlpoa63wsenfpv/Chhindwara.png?dl=0
Chikhali,https://www.dropbox.com/s/fwfhwrrieputfdc/Chikhali.png?dl=0
Daund,https://www.dropbox.com/s/7ty2mtp4peshw1y/Daund.png?dl=0
Dediapada,https://www.dropbox.com/s/j7vbgp5igg94wqc/Dediapada.png?dl=0
Devgadh Balia,https://www.dropbox.com/s/ht3h6qkh8p2kloz/Devgadh%20Balia.png?dl=0
Dhamnod,https://www.dropbox.com/s/7l9z4d4q1hahvqs/Dhamnod.png?dl=0
Gangavathi,https://www.dropbox.com/s/73au693lb27yrqj/Gangavathi%20Operational%20Map.png?dl=0
Gogri,https://www.dropbox.com/s/h6z88lw258smrwr/Gogri%20Operational%20Map.png?dl=0
Goraul,https://www.dropbox.com/s/z59yvbsenavj9bg/Goraul%20Operational%20Map.png?dl=0
Guna,https://www.dropbox.com/s/xx1yeyka4nu6f96/Guna.png?dl=0
Gurdaspur,https://www.dropbox.com/s/tsgoq1379y3iilm/Gurdaspur%20Operational%20Map.png?dl=0
Harai,https://www.dropbox.com/s/23bcynbbypaasf8/Harai.png?dl=0
Hatpipaliya,https://www.dropbox.com/s/137r706w5jlisbm/Hatpipaliya.png?dl=0
Hingoli,https://www.dropbox.com/s/r3g2prfcb9mb9wq/Hingoli.png?dl=0
Humnabad,https://www.dropbox.com/s/9um4iqlfy7zlfcs/Humnabad%20Operational%20Map.png?dl=0
Jagdishpur(bhagalpur),https://www.dropbox.com/s/rzt6k2qtndrskos/Jagdishpur%28bhagalpur%29%20Operational%20Map.png?dl=0
Jeypore,https://www.dropbox.com/s/1duddo21evi4jbq/Jeypore%20Operational%20Map.png?dl=0
Jhanjharpur,https://www.dropbox.com/s/z6iy9xlrgasoamb/Jhanjharpur%20Operational%20Map.png?dl=0
Kahalgaon,https://www.dropbox.com/s/4mg8qcsjikrdfxa/Kahalgaon%20Operational%20Map.png?dl=0
Kaithal,https://www.dropbox.com/s/lewvt9htrk9iuft/Kaithal.png?dl=0
Katni,https://www.dropbox.com/s/63o86fzvo8ncku5/Katni.png?dl=0
Lahunipara,https://www.dropbox.com/s/tj13jlt9so59p1t/Lahunipara%20Operational%20Map.png?dl=0
Mairwa,https://www.dropbox.com/s/w8ds8q3df3sju1q/Mairwa%20Operational%20Map.png?dl=0
Manawar,https://www.dropbox.com/s/4qe4ywq3rl9vnng/Manawar.png?dl=0
Mandideep,https://www.dropbox.com/s/f6ga98c24dcgpys/Mandideep.png?dl=0
Manmad,https://www.dropbox.com/s/grykn17o8wuemrj/Manmad.png?dl=0
Mellur,https://www.dropbox.com/s/jhlsju3z2nx3ppw/Mellur%20Operational%20Map.png?dl=0
Nagaur,https://www.dropbox.com/s/wr5jr1z2bx6dnyz/Nagaur.png?dl=0
Naktideula,https://www.dropbox.com/s/8pksoqb86x38m9k/Naktideula%20Operational%20Map.png?dl=0
Narsinghpur,https://www.dropbox.com/s/1m3lc44vsfgcceg/Narsinghpur%20Operational%20Map.png?dl=0
Neemuch,https://www.dropbox.com/s/rqe35bze8cc7nt1/Neemuch.png?dl=0
New Ramnagar,https://www.dropbox.com/s/yrny5gl4vwzufvy/New%20Ramnagar.png?dl=0
Nirakarpur,https://www.dropbox.com/s/sdg5gpt5rdct0z3/Nirakarpur%20Operational%20Map.png?dl=0
Nohar,https://www.dropbox.com/s/afmzorhkfh67i36/Nohar.png?dl=0
Pachore,https://www.dropbox.com/s/x7ilv06l614rxdp/Pachore.png?dl=0
Paduma,https://www.dropbox.com/s/zbtqgolxfde7i97/Paduma%20Operational%20Map.png?dl=0
Paikmal,https://www.dropbox.com/s/nyndddq76a6k9kg/Paikmal%20Operational%20Map.png?dl=0
Paithan,https://www.dropbox.com/s/l43wp45od6lqi0s/Paithan.png?dl=0
Parasiya,https://www.dropbox.com/s/3lnpsuecixcgzki/Parasiya.png?dl=0
Pathalgaon,https://www.dropbox.com/s/lal5oesf07h2phv/Pathalgaon%20Operational%20Map.png?dl=0
Petlawad,https://www.dropbox.com/s/wrz22puzwxef0bg/Petlawad.png?dl=0
Pipar City,https://www.dropbox.com/s/yk4i46btwzzprac/Pipar%20City.png?dl=0
Pupri,https://www.dropbox.com/s/yj8f3fyvokgxgae/Pupri%20Operational%20Map.png?dl=0
Rahata Shirdi,https://www.dropbox.com/s/afrm4lzdccwbuk2/Rahata%20Shirdi.png?dl=0
Ramganj Mandi,https://www.dropbox.com/s/3md5bmnhj5rbszn/Ramganj%20Mandi.png?dl=0
Ratanpur,https://www.dropbox.com/s/13hglwqnb62ne77/Ratanpur%20Operational%20Map.png?dl=0
Rayya,https://www.dropbox.com/s/reoc5mt9faitec8/Rayya%20Operational%20Map.png?dl=0
Salmari,https://www.dropbox.com/s/jz35vopt71hb3qh/Salmari%20Operational%20Map.png?dl=0
Samastipur,https://www.dropbox.com/s/xaxx6mhw0qc8w5e/Samastipur%20Operational%20Map.png?dl=0
Sangod,https://www.dropbox.com/s/hhyjq1rlfb149ym/Sangod.png?dl=0
Sasaram,https://www.dropbox.com/s/qg8g8ivurl18oju/Sasaram%20Operational%20Map.png?dl=0
Sehore,https://www.dropbox.com/s/qj84gpdguz227va/Sehore.png?dl=0
Sherghati,https://www.dropbox.com/s/ayb6n9v3pf8xpq3/Sherghati%20Operational%20Map.png?dl=0
Shujalpur,https://www.dropbox.com/s/5mdzckcfwz4exe4/Shujalpur.png?dl=0
Thirumangalam,https://www.dropbox.com/s/6ivavph9eweijkf/Thirumangalam%20Operational%20Map.png?dl=0
Vadali,https://www.dropbox.com/s/3j6hwi5plgehz3u/Vadali.png?dl=0
Bansur,https://www.dropbox.com/s/glz9hej6qa9wtar/Bansur.png?dl=0
Dinhata,https://www.dropbox.com/s/yygkf33sv2h5fy6/Dinhata%20Operational%20Map.png?dl=0
Fatehpur(Bh),https://www.dropbox.com/s/luwjv06k9pfh4rb/Fatehpur%28Bh%29%20Operational%20Map.png?dl=0
Karera,https://www.dropbox.com/s/881dtnhl8seydge/Karera.png?dl=0
Katangi,https://www.dropbox.com/s/2s51jvht876ic10/Katangi.png?dl=0
Katihar,https://www.dropbox.com/s/hkkptwv0d59ltfv/Katihar%20Operational%20Map.png?dl=0
Kotpad,https://www.dropbox.com/s/0v105v4zbmqrn5w/Kotpad%20Operational%20Map.png?dl=0
Mahua,https://www.dropbox.com/s/twiqr14fywrxsb3/Mahua%20Operational%20Map.png?dl=0
Maksudangarh,https://www.dropbox.com/s/rvhvo3ew60qxdzo/Maksudangarh.png?dl=0
Muhammadganj,https://www.dropbox.com/s/8fi3r6gpnxq2ntc/Muhammadganj%20Operational%20Map.png?dl=0
Sahibganj,https://www.dropbox.com/s/2wlq9ws8w51qyus/Sahibganj%20Operational%20Map.png?dl=0
Sarangpur,https://www.dropbox.com/s/90o5ea7j03f6cp9/Sarangpur.png?dl=0
Seoni,https://www.dropbox.com/s/ez73olee4gmt5d7/Seoni.png?dl=0
Sonamukhi,https://www.dropbox.com/s/cmgqjfkj6k0chc0/Sonamukhi%20Operational%20Map.png?dl=0
Berasia,https://www.dropbox.com/s/lpwgw1tr7sioxzx/Berasia.png?dl=0
Bhatgaon,https://www.dropbox.com/s/9ra4812gs0jdvlf/Bhatgaon%20Operational%20Map.png?dl=0
Buguda,https://www.dropbox.com/s/g003y4htct74lja/Buguda%20Operational%20Map.png?dl=0
Chakarbhatha,https://www.dropbox.com/s/bof3dr0z3o7fnc0/Chakarbhatha%20Operational%20Map.png?dl=0
Damua,https://www.dropbox.com/s/jypr8up8ts8guod/Damua.png?dl=0
Deogaon,https://www.dropbox.com/s/s1wg968uctps4ds/Deogaon%20Operational%20Map.png?dl=0
Deopur,https://www.dropbox.com/s/nfjqz3r9mt9ls3d/Deopur.png?dl=0
Devakottai,https://www.dropbox.com/s/ww2dykopmz8hytz/Devakottai%20Operational%20Map.png?dl=0
Dharamjaigarh,https://www.dropbox.com/s/iub8m9m8j30ldtg/Dharamjaigarh%20Operational%20Map.png?dl=0
Dunguripali,https://www.dropbox.com/s/536jd8c3ldwiuwf/Dunguripali%20Operational%20Map.png?dl=0
Gandarvakottai,https://www.dropbox.com/s/z0wa43s3x7c5ggs/Gandarvakottai%20Operational%20Map.png?dl=0
Gariaband,https://www.dropbox.com/s/d5h4qktvipjzc05/Gariaband%20Operational%20Map.png?dl=0
Hemgiri,https://www.dropbox.com/s/to7wsnhaq04brof/Hemgiri%20Operational%20Map.png?dl=0
Jagdalpur,https://www.dropbox.com/s/7ul7dvhxnke9uun/Jagdalpur%20Operational%20Map.png?dl=0
Kantabhanji,https://www.dropbox.com/s/uepag8k03qohhhf/Kantabhanji%20Operational%20Map.png?dl=0
Khargone,https://www.dropbox.com/s/u2prob25t44n0qu/Khargone.png?dl=0
Lalganj,https://www.dropbox.com/s/yl1pg5748o74hlp/Lalganj%20Operational%20Map.png?dl=0
Leheragaga,https://www.dropbox.com/s/465k4oxu9kig0w7/Leheragaga%20Operational%20Map.png?dl=0
Mandsaur,https://www.dropbox.com/s/wkux9j1pccwjcwr/Mandsaur.png?dl=0
Orathanadu,https://www.dropbox.com/s/av2me91fgeeub4z/Orathanadu%20Operational%20Map.png?dl=0
Padampur,https://www.dropbox.com/s/gphu45d31vlepx8/Padampur%20Operational%20Map.png?dl=0
Panposh,https://www.dropbox.com/s/1hwez5uw8yf55mz/Panposh%20Operational%20Map.png?dl=0
Patti 2,https://www.dropbox.com/s/f4n1nyjd2yzzpfb/Patti%202%20Operational%20Map.png?dl=0
Pawai,https://www.dropbox.com/s/yjle4k03wxa4epn/Pawai.png?dl=0
Raj Khariar,https://www.dropbox.com/s/nbg6tz48rtj2ryr/Raj%20Khariar%20Operational%20Map.png?dl=0
Rajmarg,https://www.dropbox.com/s/f2yirfkdmxatabk/Rajmarg.png?dl=0
Ratlam,https://www.dropbox.com/s/u7v1hwubvqec4on/Ratlam.png?dl=0
Sambalpur,https://www.dropbox.com/s/l3oqmv52xdczjbr/Sambalpur%20Operational%20Map.png?dl=0
Santrampur,https://www.dropbox.com/s/m1m30fsy0jb2jnh/Santrampur.png?dl=0
Sillod,https://www.dropbox.com/s/4m0ys7c3i8qxxrb/Sillod.png?dl=0
Sorada,https://www.dropbox.com/s/6xc7alx957bji5v/Sorada%20Operational%20Map.png?dl=0
Sujangarh,https://www.dropbox.com/s/6oexjuqc3c5ph1x/Sujangarh.png?dl=0
Ahore,https://www.dropbox.com/s/reanswqdq9fo8b8/Ahore.png?dl=0
Bamankhi,https://www.dropbox.com/s/mbbs2wrjirep4ae/Bamankhi%20Operational%20Map.png?dl=0
Benipur,https://www.dropbox.com/s/indf0aoa0o00s3m/Benipur%20Operational%20Map.png?dl=0
Bhadrak,https://www.dropbox.com/s/nmpv127jtwz25qc/Bhadrak%20Operational%20Map.png?dl=0
Bhandaripokhari,https://www.dropbox.com/s/nx8sw0f5ouesum7/Bhandaripokhari%20Operational%20Map.png?dl=0
Bhinder,https://www.dropbox.com/s/ws1k8xmps60n6rt/Bhinder.png?dl=0
Binka,https://www.dropbox.com/s/0pgaad9zbrnzoyl/Binka%20Operational%20Map.png?dl=0
Bombey Chhack,https://www.dropbox.com/s/ugfpl9w63xoerba/Bombey%20Chhack%20Operational%20Map.png?dl=0
Boudh,https://www.dropbox.com/s/b0epz6rzr2sr58b/Boudh%20Operational%20Map.png?dl=0
Chandbali,https://www.dropbox.com/s/xbceehmb09r2l08/Chandbali%20Operational%20Map.png?dl=0
Chas,https://www.dropbox.com/s/alg8j5birzkkn8i/Chas%20Operational%20Map.png?dl=0
Chhatarpur,https://www.dropbox.com/s/8igy6ke1tg4yjf1/Chhatarpur%20Operational%20Map.png?dl=0
Dhule,https://www.dropbox.com/s/4d7ct04l8s9823o/Dhule.png?dl=0
Fatehabad,https://www.dropbox.com/s/bslq51xvknsislm/Fatehabad.png?dl=0
Goh,https://www.dropbox.com/s/7x7iqx49g6ce8sm/Goh%20Operational%20Map.png?dl=0
Holal,https://www.dropbox.com/s/4ty7a8rpdpn0c9v/Holal.png?dl=0
Kamakhaguri,https://www.dropbox.com/s/op3m4w749b9fa30/Kamakhaguri%20Operational%20Map.png?dl=0
Kamakhyanagar,https://www.dropbox.com/s/vkh4st4s1eht157/Kamakhyanagar%20Operational%20Map.png?dl=0
Kaniha,https://www.dropbox.com/s/ppufyngpyvyx2hf/Kaniha%20Operational%20Map.png?dl=0
Kesariyaji,https://www.dropbox.com/s/c9nvo71vfdfsrwu/Kesariyaji.png?dl=0
Leheriyasarai,https://www.dropbox.com/s/jhx99n92udx8krp/Leheriyasarai%20Operational%20Map.png?dl=0
Mandir Hasaud,https://www.dropbox.com/s/z4fhkfamww1pq4k/Mandir%20Hasaud%20Operational%20Map.png?dl=0
Mohla,https://www.dropbox.com/s/ihvsxrv3mjdelt2/Mohla%20Operational%20Map.png?dl=0
Mungawali,https://www.dropbox.com/s/1ka6meau40ly12k/Mungawali.png?dl=0
Nuapada,https://www.dropbox.com/s/rsxrru9wyegt57n/Nuapada%20Operational%20Map.png?dl=0
Patan,https://www.dropbox.com/s/cr7inz8pmslphbg/Patan%20Operational%20Map.png?dl=0
Patiram,https://www.dropbox.com/s/6qw03o6z95kk5st/Patiram%20Operational%20Map.png?dl=0
Raigarh,https://www.dropbox.com/s/2vwho45nprucusw/Raigarh%20Operational%20Map.png?dl=0
Shivpuri,https://www.dropbox.com/s/ish3u5o1fsbkzvu/Shivpuri.png?dl=0
Silwani,https://www.dropbox.com/s/8q204yufdmliv4o/Silwani.png?dl=0
Baliapal,https://www.dropbox.com/s/3my5mf7iozpe08a/Baliapal%20Operational%20Map.png?dl=0
Barmakela,https://www.dropbox.com/s/5ft7tzob2q59aix/Barmakela%20Operational%20Map.png?dl=0
Bhatli,https://www.dropbox.com/s/8v6ry8nu3tft6e4/Bhatli%20Operational%20Map.png?dl=0
Bhawani Mandi,https://www.dropbox.com/s/lvgfth0nutn4dg7/Bhawani%20Mandi.png?dl=0
Biaora,https://www.dropbox.com/s/gc7gngjfbg7xjli/Biaora.png?dl=0
Chatro,https://www.dropbox.com/s/p65sarit02frivp/Chatro%20Operational%20Map.png?dl=0
Chimur,https://www.dropbox.com/s/jkri8q53vu5f097/Chimur.png?dl=0
Daspalla,https://www.dropbox.com/s/ztpizwvipxqxc8z/Daspalla%20Operational%20Map.png?dl=0
Dhariwal,https://www.dropbox.com/s/lnodg2ktfroekm0/Dhariwal%20Operational%20Map.png?dl=0
Kekri,https://www.dropbox.com/s/ycvmjy8suemgfn7/Kekri.png?dl=0
Khairthal,https://www.dropbox.com/s/x2uo2kbgl8xvrt2/Khairthal.png?dl=0
Koraput,https://www.dropbox.com/s/9r7qnorg61gqihk/Koraput%20Operational%20Map.png?dl=0
Madanpur,https://www.dropbox.com/s/2j7a291phse6hk3/Madanpur%20Operational%20Map.png?dl=0
Madhuban,https://www.dropbox.com/s/n86tg57q0qh437b/Madhuban%20Operational%20Map.png?dl=0
Manmadhurai,https://www.dropbox.com/s/wfex31c3aq7bd3c/Manmadhurai%20Operational%20Map.png?dl=0
Muzzaffarpur,https://www.dropbox.com/s/auzs559pd5cx7ob/Muzzaffarpur%20Operational%20Map.png?dl=0
Nabarangpur,https://www.dropbox.com/s/h6txwm9cgu5gxas/Nabarangpur%20Operational%20Map.png?dl=0
Narnaund,https://www.dropbox.com/s/k6wrpww2d4e5opu/Narnaund.png?dl=0
Naubatpur,https://www.dropbox.com/s/rktt2687akqs2u1/Naubatpur%20Operational%20Map.png?dl=0
Raniganj(Bhagalpur),https://www.dropbox.com/s/nsyeiv6cbeewlm2/Raniganj%28Bhagalpur%29%20Operational%20Map.png?dl=0
Rupangarh,https://www.dropbox.com/s/8azd3zrvqxm2mlj/Rupangarh.png?dl=0
Sarangarh,https://www.dropbox.com/s/hz8lcrpnqaisg60/Sarangarh%20Operational%20Map.png?dl=0
Satana,https://www.dropbox.com/s/r00po2uvf4c7odx/Satana.png?dl=0
Sawai Madhopur,https://www.dropbox.com/s/cvtvd8yf6dhfkx8/Sawai%20Madhopur.png?dl=0
Shahpura,https://www.dropbox.com/s/syjdrpkt9zbxrrj/Shahpura.png?dl=0
Sojat,https://www.dropbox.com/s/xvnko5nfhjrh0dp/Sojat.png?dl=0
Sonaili,https://www.dropbox.com/s/ir6tx1rl203dsd7/Sonaili%20Operational%20Map.png?dl=0
Sonepur,https://www.dropbox.com/s/pckh6590lydccx7/Sonepur%20Operational%20Map.png?dl=0
Soro,https://www.dropbox.com/s/ra522v7tmn4welj/Soro%20Operational%20Map.png?dl=0
Tilaiya,https://www.dropbox.com/s/irosnehlqud11ae/Tilaiya%20Operational%20Map.png?dl=0
Bari Sadri,https://www.dropbox.com/s/gvqxx8epzc00zkb/Bari%20Sadri.png?dl=0
Chainpur,https://www.dropbox.com/s/pe2fvn0tuas5ixd/Chainpur%20Operational%20Map.png?dl=0
Champa,https://www.dropbox.com/s/dj7noyngoglvb6i/Champa%20Operational%20Map.png?dl=0
Champua,https://www.dropbox.com/s/8m5soru85ga7oqi/Champua%20Operational%20Map.png?dl=0
Chhabra,https://www.dropbox.com/s/sab3ms4njp8hniz/Chhabra.png?dl=0
Ghansor,https://www.dropbox.com/s/bsjr6iylqdegyl8/Ghansor.png?dl=0
Ghatgaon,https://www.dropbox.com/s/s5tiez8s4k74hgb/Ghatgaon%20Operational%20Map.png?dl=0
Ghatol,https://www.dropbox.com/s/28hhsmllyuy92e1/Ghatol.png?dl=0
Gumla,https://www.dropbox.com/s/0t0179lmtbk0rv9/Gumla%20Operational%20Map.png?dl=0
Harchowal,https://www.dropbox.com/s/89mf2sqrtat4wwp/Harchowal%20Operational%20Map.png?dl=0
Hasanpur,https://www.dropbox.com/s/nwdpphiupf9gf3n/Hasanpur%20Operational%20Map.png?dl=0
Jaleswar,https://www.dropbox.com/s/44rm9ejdkaao0l2/Jaleswar%20Operational%20Map.png?dl=0
Jansath,https://www.dropbox.com/s/bh42pvb7o99s1ey/Jansath%20Operational%20Map.png?dl=0
Jhadol,https://www.dropbox.com/s/0foym1y8d91b3l0/Jhadol.png?dl=0
Karanja Lad,https://www.dropbox.com/s/zfnwdo0hso683vc/Karanja%20Lad.png?dl=0
Kuchinda,https://www.dropbox.com/s/kfp6d8z1v4etnk9/Kuchinda%20Operational%20Map.png?dl=0
Lakhan Majra,https://www.dropbox.com/s/uokw9alwj1v7iyw/Lakhan%20Majra.png?dl=0
Malkangiri,https://www.dropbox.com/s/jevxuwg9srlf06c/Malkangiri%20Operational%20Map.png?dl=0
Masaurhi,https://www.dropbox.com/s/9q71inwf7fuaa77/Masaurhi%20Operational%20Map.png?dl=0
Mathili,https://www.dropbox.com/s/6eyjz68b335ipxq/Mathili%20Operational%20Map.png?dl=0
Merta Road,https://www.dropbox.com/s/fha0zs42zn5dalv/Merta%20Road.png?dl=0
Parjanga,https://www.dropbox.com/s/bxfgmuivhtfojzd/Parjanga%20Operational%20Map.png?dl=0
Rairangpur,https://www.dropbox.com/s/65rfgi8o4zl5v9j/Rairangpur%20Operational%20Map.png?dl=0
Rampura Phul,https://www.dropbox.com/s/ydq1szdg39wytml/Rampura%20Phul%20Operational%20Map.png?dl=0
Semiliguda,https://www.dropbox.com/s/n4qktcwzjdwkuod/Semiliguda%20Operational%20Map.png?dl=0
Siswa Bazar,https://www.dropbox.com/s/bdv87dx4f6j64fe/Siswa%20Bazar%20Operational%20Map.png?dl=0
Sunakhala,https://www.dropbox.com/s/mc8y9l1u1vjmqf3/Sunakhala%20Operational%20Map.png?dl=0
Surajgarh,https://www.dropbox.com/s/hlvcvwuuw9hslqt/Surajgarh.png?dl=0
Tilda,https://www.dropbox.com/s/zb5073k274e6wa0/Tilda%20Operational%20Map.png?dl=0
Umerkote,https://www.dropbox.com/s/yroltnpbl2zyh0j/Umerkote%20Operational%20Map.png?dl=0
Aurangabad,https://www.dropbox.com/s/tj15ntzgys0rwze/Aurangabad%20Operational%20Map.png?dl=0
Bamara,https://www.dropbox.com/s/akufp46amtu3hcl/Bamara%20Operational%20Map.png?dl=0
Bhilai,https://www.dropbox.com/s/8junfknsztpkdzp/Bhilai%20Operational%20Map.png?dl=0
Bhiwani,https://www.dropbox.com/s/o6om7uxc2i5vg4z/Bhiwani.png?dl=0
Bodeli,https://www.dropbox.com/s/0dz5km72pqzjx0q/Bodeli.png?dl=0
Chhatrapur,https://www.dropbox.com/s/ioyvwau9473n42s/Chhatrapur%20Operational%20Map.png?dl=0
Chirkunda,https://www.dropbox.com/s/8cyczgsvg8tknst/Chirkunda%20Operational%20Map.png?dl=0
Choudwar,https://www.dropbox.com/s/7uwwunrz80ppqdu/Choudwar%20Operational%20Map.png?dl=0
Dhamtari,https://www.dropbox.com/s/3r5duaupdt0jejm/Dhamtari%20Operational%20Map.png?dl=0
Dhariyawad,https://www.dropbox.com/s/knkoc3cmqbhra5r/Dhariyawad.png?dl=0
Dongargaon,https://www.dropbox.com/s/xyz25f8buleqszj/Dongargaon%20Operational%20Map.png?dl=0
Garh Mukteshwar,https://www.dropbox.com/s/7nl3o9000xywp53/Garh%20Mukteshwar%20Operational%20Map.png?dl=0
Goniana,https://www.dropbox.com/s/zn53vx8hhdb6n4f/Goniana%20Operational%20Map.png?dl=0
Hatta,https://www.dropbox.com/s/t04vi8ivks2pwzm/Hatta.png?dl=0
Jagdishpur,https://www.dropbox.com/s/a3woaj83u09mwny/Jagdishpur%20Operational%20Map.png?dl=0
Kanker,https://www.dropbox.com/s/twmus8zd437lrxy/Kanker%20Operational%20Map.png?dl=0
Katoria,https://www.dropbox.com/s/s4mh5e5bu9jryho/Katoria%20Operational%20Map.png?dl=0
Kunkuri,https://www.dropbox.com/s/jj13wfsjr1dakgc/Kunkuri%20Operational%20Map.png?dl=0
Mawana,https://www.dropbox.com/s/u1myf1iau8xc291/Mawana%20Operational%20Map.png?dl=0
Panki,https://www.dropbox.com/s/07vvxyct4txvgtw/Panki%20Operational%20Map.png?dl=0
Pannagar,https://www.dropbox.com/s/gg7ot08fbcm1hoq/Pannagar.png?dl=0
Purnia,https://www.dropbox.com/s/q4931e7o35skbc1/Purnia%20Operational%20Map.png?dl=0
Rajim,https://www.dropbox.com/s/pne92u6opv96z7n/Rajim%20Operational%20Map.png?dl=0
Ramtek,https://www.dropbox.com/s/wab4wae5jxvxday/Ramtek.png?dl=0
Redhakhol,https://www.dropbox.com/s/idw5jxl8bznx5ka/Redhakhol%20Operational%20Map.png?dl=0
Saintala,https://www.dropbox.com/s/h8v1qrpzpyylrmp/Saintala%20Operational%20Map.png?dl=0
Sanawad,https://www.dropbox.com/s/yhnby36ktmf634b/Sanawad.png?dl=0
Sardarshahr,https://www.dropbox.com/s/2qt4ss85gqpm52a/Sardarshahr.png?dl=0
Singhana,https://www.dropbox.com/s/xw6w4ub2d53vmyk/Singhana.png?dl=0
Sundargarh,https://www.dropbox.com/s/hn5d0wvc7w9a7g5/Sundargarh%20Operational%20Map.png?dl=0
Tarapur,https://www.dropbox.com/s/j0lx7awpq0qr3ux/Tarapur%20Operational%20Map.png?dl=0
Yavatmal,https://www.dropbox.com/s/1kv5d6nqonymu5x/Yavatmal.png?dl=0
Arvi,https://www.dropbox.com/s/ffgkftyrj4muih0/Arvi.png?dl=0
Badnagar,https://www.dropbox.com/s/h7cj0hahzhlvl45/Badnagar.png?dl=0
Baghapurana,https://www.dropbox.com/s/o70pt6wousdwb1t/Baghapurana%20Operational%20Map.png?dl=0
Baihar,https://www.dropbox.com/s/1kuc37naeu8vyo1/Baihar.png?dl=0
Barang,https://www.dropbox.com/s/0djpsg8575pgfhx/Barang%20Operational%20Map.png?dl=0
Barauni,https://www.dropbox.com/s/mdegtveivt3xi8m/Barauni%20Operational%20Map.png?dl=0
Barkagaon,https://www.dropbox.com/s/aszmdxr2w9ude8m/Barkagaon%20Operational%20Map.png?dl=0
Batala 2,https://www.dropbox.com/s/vpt6zqgr09szzmt/Batala%202%20Operational%20Map.png?dl=0
Beas,https://www.dropbox.com/s/9vksihcfr9u8j11/Beas%20Operational%20Map.png?dl=0
Begunia,https://www.dropbox.com/s/yttl6l8ubzkbrug/Begunia%20Operational%20Map.png?dl=0
Belakoba,https://www.dropbox.com/s/vexgfiyuqfr6xt8/Belakoba%20Operational%20Map.png?dl=0
Betiah,https://www.dropbox.com/s/08iloahrjeo560n/Betiah%20Operational%20Map.png?dl=0
Bhanjanagar,https://www.dropbox.com/s/2kmvu097gmhonng/Bhanjanagar%20Operational%20Map.png?dl=0
Bhatpur Rani,https://www.dropbox.com/s/hlkw8qzykljsv4n/Bhatpur%20Rani%20Operational%20Map.png?dl=0
Bilaspur,https://www.dropbox.com/s/h65gogm3m248qtp/Bilaspur%20Operational%20Map.png?dl=0
Birmaharajpur,https://www.dropbox.com/s/7e925apv0k887bw/Birmaharajpur%20Operational%20Map.png?dl=0
Bolangir,https://www.dropbox.com/s/v3qgzp6idsyctmz/Bolangir%20Operational%20Map.png?dl=0
Chandipur,https://www.dropbox.com/s/y4cggt479x0fxhn/Chandipur%20Operational%20Map.png?dl=0
Chandwa,https://www.dropbox.com/s/yuwi41njq2j7b1x/Chandwa%20Operational%20Map.png?dl=0
Charkhi Dadri,https://www.dropbox.com/s/xw6dz9s218q2ge5/Charkhi%20Dadri.png?dl=0
Chatra,https://www.dropbox.com/s/cf8m2r0deaxofvb/Chatra%20Operational%20Map.png?dl=0
Chhendipada,https://www.dropbox.com/s/ak2q42noxdat6uz/Chhendipada%20Operational%20Map.png?dl=0
Degana,https://www.dropbox.com/s/l02cf8s0n6htlk0/Degana.png?dl=0
Deulgaon Raja,https://www.dropbox.com/s/k3n21dhl978pdc5/Deulgaon%20Raja.png?dl=0
Devgarh,https://www.dropbox.com/s/hx0uml3g0wasd5f/Devgarh.png?dl=0
Dharwad,https://www.dropbox.com/s/71e9w33r6wx5706/Dharwad%20Operational%20Map.png?dl=0
Dhenkanal,https://www.dropbox.com/s/ek8gh6w5r0huxkp/Dhenkanal%20Operational%20Map.png?dl=0
Dhoraya,https://www.dropbox.com/s/ngzjd42lzt3pfez/Dhoraya%20Operational%20Map.png?dl=0
Dinanagar,https://www.dropbox.com/s/6lx2fjexuvftib1/Dinanagar%20Operational%20Map.png?dl=0
Garhwah,https://www.dropbox.com/s/6rmyj1s36g71udq/Garhwah%20Operational%20Map.png?dl=0
Gharghoda,https://www.dropbox.com/s/acricjqlcx2l9uo/Gharghoda%20Operational%20Map.png?dl=0
Gohana,https://www.dropbox.com/s/as3g0cny60ytfcf/Gohana.png?dl=0
Gondia,https://www.dropbox.com/s/hx8oloe0e0gief5/Gondia.png?dl=0
Hingna,https://www.dropbox.com/s/jsswv828kex53p3/Hingna.png?dl=0
Hinjilicut,https://www.dropbox.com/s/sqypb51g7fdhk1g/Hinjilicut%20Operational%20Map.png?dl=0
Jehanabad,https://www.dropbox.com/s/dpagdn611mqwy9b/Jehanabad%20Operational%20Map.png?dl=0
Jhabua,https://www.dropbox.com/s/mm31n058thst7hi/Jhabua.png?dl=0
Kalimela,https://www.dropbox.com/s/j40302ydgyubhla/Kalimela%20Operational%20Map.png?dl=0
Kamtaul,https://www.dropbox.com/s/go1r1w01sly76oi/Kamtaul%20Operational%20Map.png?dl=0
Kodala,https://www.dropbox.com/s/07zybhol7k2n50b/Kodala%20Operational%20Map.png?dl=0
Kondagaon,https://www.dropbox.com/s/5qv47jlv5zdepya/Kondagaon%20Operational%20Map.png?dl=0
Lingasugur,https://www.dropbox.com/s/mnrmifo0yxuzkux/Lingasugur%20Operational%20Map.png?dl=0
Lormi,https://www.dropbox.com/s/zx635gi1iwhndio/Lormi%20Operational%20Map.png?dl=0
Malpura,https://www.dropbox.com/s/fnpgqea7brnswwy/Malpura.png?dl=0
Mansa,https://www.dropbox.com/s/xvk2qknyzscy8bz/Mansa%20Operational%20Map.png?dl=0
Maynaguri,https://www.dropbox.com/s/11fpnd8leuwf5zr/Maynaguri%20Operational%20Map.png?dl=0
Mohammadpur,https://www.dropbox.com/s/32k56r17p2hekxf/Mohammadpur%20Operational%20Map.png?dl=0
Morshi,https://www.dropbox.com/s/73sgkhq2nkqwk7k/Morshi.png?dl=0
Multai,https://www.dropbox.com/s/ox9m8snhva1cizp/Multai.png?dl=0
Nagarutari,https://www.dropbox.com/s/fxabsrb0j4bi593/Nagarutari%20Operational%20Map.png?dl=0
Nagri,https://www.dropbox.com/s/ax14vxpesu8r9hc/Nagri%20Operational%20Map.png?dl=0
Narkatiaganj,https://www.dropbox.com/s/idsvz5dm3ehvhej/Narkatiaganj%20Operational%20Map.png?dl=0
Nayagarh_Urban,https://www.dropbox.com/s/ym2if130pdgy4p2/Nayagarh_Urban%20Operational%20Map.png?dl=0
Pali(RJ),https://www.dropbox.com/s/0py2ywb3x7ecd0f/Pali%28RJ%29.png?dl=0
Panna,https://www.dropbox.com/s/v3huud8nvvc2feo/Panna.png?dl=0
Patnagarh,https://www.dropbox.com/s/0j6bjpxm84fdh42/Patnagarh%20Operational%20Map.png?dl=0
Pithoda,https://www.dropbox.com/s/6el2s143cl7etuq/Pithoda%20Operational%20Map.png?dl=0
Pratappur,https://www.dropbox.com/s/idivw8ba7kkfeof/Pratappur%20Operational%20Map.png?dl=0
Rajmahal,https://www.dropbox.com/s/whry2pcaxstzzaq/Rajmahal%20Operational%20Map.png?dl=0
Ramdurg,https://www.dropbox.com/s/sjjr4rkoiwpnbos/Ramdurg%20Operational%20Map.png?dl=0
Sakoli,https://www.dropbox.com/s/x617l63a51tm5ir/Sakoli.png?dl=0
Samalkha,https://www.dropbox.com/s/naaaaczliu222p1/Samalkha.png?dl=0
Saoner,https://www.dropbox.com/s/n6sdkc8x78ktc9s/Saoner.png?dl=0
Satna,https://www.dropbox.com/s/bc7s98z2xuiljid/Satna.png?dl=0
Shamli,https://www.dropbox.com/s/wdvmxash9y25mgi/Shamli%20Operational%20Map.png?dl=0
Sheorinarayan,https://www.dropbox.com/s/n5yggnv0m8wp16c/Sheorinarayan%20Operational%20Map.png?dl=0
Simariya,https://www.dropbox.com/s/7pphxfm4sdcmiop/Simariya%20Operational%20Map.png?dl=0
Sinapali,https://www.dropbox.com/s/9xalcp436u8nyx5/Sinapali%20Operational%20Map.png?dl=0
Sitamarhi,https://www.dropbox.com/s/mmbqcvux8wfz2xw/Sitamarhi%20Operational%20Map.png?dl=0
Soro Urban,https://www.dropbox.com/s/q0wkcuf8gtig5e9/Soro%20Urban%20Operational%20Map.png?dl=0
Sriganganagar,https://www.dropbox.com/s/9ge2yeasf5b20qa/Sriganganagar.png?dl=0
Tamukhi Raj,https://www.dropbox.com/s/ulhnyu69v6b5xcz/Tamukhi%20Raj%20Operational%20Map.png?dl=0
Taranagar,https://www.dropbox.com/s/ssksiv219iwuaud/Taranagar.png?dl=0
Tarn Taran,https://www.dropbox.com/s/qdsvd6vvcwhmvjf/Tarn%20Taran%20Operational%20Map.png?dl=0
Tarn Taran-2,https://www.dropbox.com/s/yn13dzmwvc4sitj/Tarn%20Taran-2%20Operational%20Map.png?dl=0
Thiruthuraipoondi,https://www.dropbox.com/s/n2x04lnufu81rj4/Thiruthuraipoondi%20Operational%20Map.png?dl=0
Titlagarh,https://www.dropbox.com/s/h4ua8a4tctntsil/Titlagarh%20Operational%20Map.png?dl=0
Umreth,https://www.dropbox.com/s/13dk0drdwusq7qt/Umreth.png?dl=0
Baniyapur,https://www.dropbox.com/s/7m77ncugoka1imu/Baniyapur%20Operational%20Map.png?dl=0
Batala,https://www.dropbox.com/s/0j6go04l2z1nm3z/Batala%20Operational%20Map.png?dl=0
Bhim,https://www.dropbox.com/s/e5o5eq0ftimy08c/Bhim.png?dl=0
Boriguma,https://www.dropbox.com/s/qfbbskym2hyco53/Boriguma%20Operational%20Map.png?dl=0
Bundi,https://www.dropbox.com/s/5n6m6k4z2nhbz3a/Bundi.png?dl=0
Pallahara,https://www.dropbox.com/s/08ay8liu8l1kqwq/Pallahara%20Operational%20Map.png?dl=0
Sakra,https://www.dropbox.com/s/lru9oncfedn8227/Sakra%20Operational%20Map.png?dl=0
Sheikhpura,https://www.dropbox.com/s/l1iiwtwc1fuz088/Sheikhpura%20Operational%20Map.png?dl=0
Sikar,https://www.dropbox.com/s/m5brcsqfr22pv8q/Sikar.png?dl=0
Baharagora,https://www.dropbox.com/s/tctbsj1vc1qf5rc/Baharagora%20Operational%20Map.png?dl=0
Barhi(jh),https://www.dropbox.com/s/wek8hxog4r16d81/Barhi%28jh%29%20Operational%20Map.png?dl=0
Bhandara,https://www.dropbox.com/s/qluqd8f14jws31d/Bhandara.png?dl=0
Bonai,https://www.dropbox.com/s/6keobww6ue0vrzd/Bonai%20Operational%20Map.png?dl=0
Brahmapuri,https://www.dropbox.com/s/3f0j9mburv85dl5/Brahmapuri.png?dl=0
Chikiti,https://www.dropbox.com/s/mqv9j7mq757bar1/Chikiti%20Operational%20Map.png?dl=0
Daltonganj,https://www.dropbox.com/s/xkoqr67zfxp6hki/Daltonganj%20Operational%20Map.png?dl=0
Deoli,https://www.dropbox.com/s/tq23brjl9xjva9u/Deoli.png?dl=0
Dhanaura,https://www.dropbox.com/s/a9kqe69r8c9hcda/Dhanaura%20Operational%20Map.png?dl=0
Digapahandi,https://www.dropbox.com/s/jrfheu9jxfpw6qo/Digapahandi%20Operational%20Map.png?dl=0
Dindori,https://www.dropbox.com/s/uh7iswyhwzms0v6/Dindori.png?dl=0
Dumchanch,https://www.dropbox.com/s/z023dyy4npnuf5a/Dumchanch%20Operational%20Map.png?dl=0
Falna,https://www.dropbox.com/s/e5so0fob2j8vkfk/Falna.png?dl=0
Faridkot,https://www.dropbox.com/s/9k7hglcz65m57u0/Faridkot%20Operational%20Map.png?dl=0
Fatehpur(RJ),https://www.dropbox.com/s/7grnw1o2afqme3p/Fatehpur%28RJ%29.png?dl=0
Gharaunda,https://www.dropbox.com/s/rnwzc5lf3ne3m2a/Gharaunda.png?dl=0
Gidderbaha,https://www.dropbox.com/s/k5z10ti9t71o2m9/Gidderbaha%20Operational%20Map.png?dl=0
Gopiballabhpur,https://www.dropbox.com/s/gyqtyky6widyfdp/Gopiballabhpur%20Operational%20Map.png?dl=0
Gotegaon,https://www.dropbox.com/s/4ou1x5fx7ndsydn/Gotegaon.png?dl=0
Guraru,https://www.dropbox.com/s/yo4nc0u433evbvt/Guraru%20Operational%20Map.png?dl=0
Itawa,https://www.dropbox.com/s/ldq28gyqz0s091w/Itawa.png?dl=0
Itkhori,https://www.dropbox.com/s/egtqzyudyypfr0i/Itkhori%20Operational%20Map.png?dl=0
Jagannath Vihar,https://www.dropbox.com/s/gbq88b7r2xr9zdm/Jagannath%20Vihar%20Operational%20Map.png?dl=0
Jajpur Road,https://www.dropbox.com/s/5odsn477bd31m1m/Jajpur%20Road%20Operational%20Map.png?dl=0
Jamui,https://www.dropbox.com/s/tz456icgg2pz1v0/Jamui%20Operational%20Map.png?dl=0
Jandiala,https://www.dropbox.com/s/knslx28n65eo3da/Jandiala%20Operational%20Map.png?dl=0
Kanke,https://www.dropbox.com/s/3ifjjsrw1lfx1pv/Kanke%20Operational%20Map.png?dl=0
Katol,https://www.dropbox.com/s/lloo1ww6mc48cst/Katol.png?dl=0
Keonjhar,https://www.dropbox.com/s/l4ai7tciv7zuq43/Keonjhar%20Operational%20Map.png?dl=0
Khairagarh,https://www.dropbox.com/s/4oe31n7erggp3d8/Khairagarh%20Operational%20Map.png?dl=0
Khunti,https://www.dropbox.com/s/283054w1hzvt6dd/Khunti%20Operational%20Map.png?dl=0
Khurda-1,https://www.dropbox.com/s/ruelh4g1vp5cppm/Khurda-1%20Operational%20Map.png?dl=0
Khurda-2,https://www.dropbox.com/s/4af0b8k4cnrb95n/Khurda-2%20Operational%20Map.png?dl=0
Kuakhia,https://www.dropbox.com/s/letdidna968cbha/Kuakhia%20Operational%20Map.png?dl=0
Manpur,https://www.dropbox.com/s/4en2m0blq4gmk3u/Manpur%20Operational%20Map.png?dl=0
Minapur,https://www.dropbox.com/s/anzj5h4xdnycka0/Minapur%20Operational%20Map.png?dl=0
Nainwa,https://www.dropbox.com/s/lof5kq5k4ko4bcx/Nainwa.png?dl=0
Nandapur,https://www.dropbox.com/s/cmu7yzk0yymvud4/Nandapur%20Operational%20Map.png?dl=0
Narayangarh,https://www.dropbox.com/s/fzc9o2ztwxt2iff/Narayangarh.png?dl=0
Neem Ka Thana,https://www.dropbox.com/s/yogmqth4emdxjy1/Neem%20Ka%20Thana.png?dl=0
Odagaon,https://www.dropbox.com/s/iuj2qrnn0pqqngd/Odagaon%20Operational%20Map.png?dl=0
Paralakhemundi,https://www.dropbox.com/s/vxoemfbqcvdwz0n/Paralakhemundi%20Operational%20Map.png?dl=0
Parsa,https://www.dropbox.com/s/jcgk6i6qxevzopy/Parsa%20Operational%20Map.png?dl=0
Pathardewa,https://www.dropbox.com/s/rqvmfmiymtwffbp/Pathardewa%20Operational%20Map.png?dl=0
Pipraich,https://www.dropbox.com/s/ajt415q5arw7tty/Pipraich%20Operational%20Map.png?dl=0
Raisinghnagar,https://www.dropbox.com/s/v8u1q6boyu7ufzo/Raisinghnagar.png?dl=0
Rajdhanwar,https://www.dropbox.com/s/jiwd19mmiddnat5/Rajdhanwar%20Operational%20Map.png?dl=0
Rewari,https://www.dropbox.com/s/1bvldnqqe3im5q7/Rewari.png?dl=0
Sakti,https://www.dropbox.com/s/wjohhyb3n77fh3u/Sakti%20Operational%20Map.png?dl=0
Salumbar,https://www.dropbox.com/s/gjgo0p34xeb7wkw/Salumbar.png?dl=0
Singhpur,https://www.dropbox.com/s/fr1ei8qozzvcibk/Singhpur%20Operational%20Map.png?dl=0
Sirsa,https://www.dropbox.com/s/kowtngilgq6l9t3/Sirsa.png?dl=0
Siyana,https://www.dropbox.com/s/bfhpijltkvqkmfw/Siyana%20Operational%20Map.png?dl=0
Sorada 2,https://www.dropbox.com/s/7m7kp28k914c00q/Sorada%202%20Operational%20Map.png?dl=0
Sultanganj,https://www.dropbox.com/s/5bx8wy3s2iu4b3z/Sultanganj%20Operational%20Map.png?dl=0
Surajpur,https://www.dropbox.com/s/3d9fs9g4tiyxd0b/Surajpur%20Operational%20Map.png?dl=0
Suratgarh,https://www.dropbox.com/s/9teiev3lalim4dd/Suratgarh.png?dl=0
Tarva,https://www.dropbox.com/s/1qz12u1qkbschp0/Tarva%20Operational%20Map.png?dl=0
Umred,https://www.dropbox.com/s/hb2gti37n7stogi/Umred.png?dl=0
Wardha,https://www.dropbox.com/s/mcoml2w3geqgdj2/Wardha.png?dl=0
Dhanbad,https://www.dropbox.com/s/vnxhjq23a0lrbkt/Dhanbad%20Operational%20Map.png?dl=0
Jaipatna,https://www.dropbox.com/s/yx7dxcemp22m9rg/Jaipatna%20Operational%20Map.png?dl=0
Jhunjhunu,https://www.dropbox.com/s/f6hqmxuqeriuup5/Jhunjhunu.png?dl=0
Mandalgarh,https://www.dropbox.com/s/l0eaim5th0qvt36/Mandalgarh.png?dl=0
Nathwara,https://www.dropbox.com/s/6ojw1bfh0gub26n/Nathwara.png?dl=0
Raikot,https://www.dropbox.com/s/os917pcfyytuw67/Raikot%20Operational%20Map.png?dl=0
Zira,https://www.dropbox.com/s/hgpuzbn9u0lb8bq/Zira%20Operational%20Map.png?dl=0
Balod,https://www.dropbox.com/s/e1ikhc7tce0t244/Balod%20Operational%20Map.png?dl=0
Baloda Bazar,https://www.dropbox.com/s/3hyy4iljf4tgvog/Baloda%20Bazar%20Operational%20Map.png?dl=0
Banaso,https://www.dropbox.com/s/4yaylb0cqec83yv/Banaso%20Operational%20Map.png?dl=0
Banswara,https://www.dropbox.com/s/ftrcw7k16gky5xl/Banswara.png?dl=0
Baran,https://www.dropbox.com/s/10mjq8cf3g1pxvu/Baran.png?dl=0
Basantpur,https://www.dropbox.com/s/xq58ns7u7k6t8fq/Basantpur%20Operational%20Map.png?dl=0
Behror,https://www.dropbox.com/s/jlz7hs6tc7uudxi/Behror.png?dl=0
Bihar Sharif,https://www.dropbox.com/s/8wt9smoig9xp2bo/Bihar%20Sharif%20Operational%20Map.png?dl=0
Bikramganj,https://www.dropbox.com/s/a4dk1ds532o7ybo/Bikramganj%20Operational%20Map.png?dl=0
Boipariguda,https://www.dropbox.com/s/sgr9g9x413zvkho/Boipariguda%20Operational%20Map.png?dl=0
Bonda,https://www.dropbox.com/s/kjcskhoeskguvqe/Bonda.png?dl=0
Bulandshahr,https://www.dropbox.com/s/hgvbx6ld8jrzndr/Bulandshahr%20Operational%20Map.png?dl=0
Chaitanyapur,https://www.dropbox.com/s/9a2gjlbyiczwp8t/Chaitanyapur%20Operational%20Map.png?dl=0
Contai,https://www.dropbox.com/s/pz7f3k2d9siwuwv/Contai%20Operational%20Map.png?dl=0
Dasuya,https://www.dropbox.com/s/ryij1ixnwixbh7y/Dasuya%20Operational%20Map.png?dl=0
Dehri,https://www.dropbox.com/s/e3xshsr8mwgliv8/Dehri%20Operational%20Map.png?dl=0
Deogarh,https://www.dropbox.com/s/3ii2zkrdh0cdzww/Deogarh%20Operational%20Map.png?dl=0
Derabassi,https://www.dropbox.com/s/zyxwx1d1zswsjsh/Derabassi%20Operational%20Map.png?dl=0
Dungarpur,https://www.dropbox.com/s/t47pkt1ve0je4uc/Dungarpur.png?dl=0
Durgapur,https://www.dropbox.com/s/hbi3erydlve4i71/Durgapur%20Operational%20Map.png?dl=0
Falakata,https://www.dropbox.com/s/x1gfirheeowjvid/Falakata%20Operational%20Map.png?dl=0
Fatehnagar,https://www.dropbox.com/s/fekvnbjc122o5bb/Fatehnagar.png?dl=0
Gangapur,https://www.dropbox.com/s/olijx6b9d7jjr05/Gangapur.png?dl=0
Godda,https://www.dropbox.com/s/9d8axa1setnhg4l/Godda%20Operational%20Map.png?dl=0
Gulabpura,https://www.dropbox.com/s/9hc4jmh28ayruhp/Gulabpura.png?dl=0
Hargobindpur,https://www.dropbox.com/s/ar7ba6z6my1crgd/Hargobindpur%20Operational%20Map.png?dl=0
Hathwa,https://www.dropbox.com/s/4kage1n6y0yuero/Hathwa%20Operational%20Map.png?dl=0
Jhajjar,https://www.dropbox.com/s/h4746ykt8my7l6f/Jhajjar.png?dl=0
Jhalawar,https://www.dropbox.com/s/p593zpnxxx3lyux/Jhalawar.png?dl=0
Kaptanganj,https://www.dropbox.com/s/lq2426r8gw30udn/Kaptanganj%20Operational%20Map.png?dl=0
Kudra,https://www.dropbox.com/s/y6s9dynz58ndooh/Kudra%20Operational%20Map.png?dl=0
Mahagama,https://www.dropbox.com/s/03jtlbchvct53g4/Mahagama%20Operational%20Map.png?dl=0
Mahendragarh,https://www.dropbox.com/s/g2oiq8cbyz0a6ah/Mahendragarh.png?dl=0
Mahilpur,https://www.dropbox.com/s/9kyj0hdvkc8pv8b/Mahilpur%20Operational%20Map.png?dl=0
Muzzaffarnagar,https://www.dropbox.com/s/l7wn8i0cryp3ns1/Muzzaffarnagar%20Operational%20Map.png?dl=0
Najibabad,https://www.dropbox.com/s/bkqv4x57z2lrurz/Najibabad%20Operational%20Map.png?dl=0
Nawanshahr,https://www.dropbox.com/s/enz3prffizto61a/Nawanshahr%20Operational%20Map.png?dl=0
Padrauna,https://www.dropbox.com/s/sayxjafhgs9u31m/Padrauna%20Operational%20Map.png?dl=0
Pakuahat,https://www.dropbox.com/s/aen8egaqpplj0te/Pakuahat%20Operational%20Map.png?dl=0
Petarwar,https://www.dropbox.com/s/7kyibqtkl4r7pwg/Petarwar%20Operational%20Map.png?dl=0
Pharendra,https://www.dropbox.com/s/9cvuq7wkppalxco/Pharendra%20Operational%20Map.png?dl=0
Phulnakhara,https://www.dropbox.com/s/1wskl4iahljs5jh/Phulnakhara%20Operational%20Map.png?dl=0
Purunakatak,https://www.dropbox.com/s/jdfwlrc14uv2jl7/Purunakatak%20Operational%20Map.png?dl=0
Ramgarh,https://www.dropbox.com/s/sngjfdmjmgri2xk/Ramgarh%20Operational%20Map.png?dl=0
Rasgovindpur,https://www.dropbox.com/s/r08udpchfax1p0d/Rasgovindpur%20Operational%20Map.png?dl=0
Sagwara,https://www.dropbox.com/s/fip7txroxwhd0e1/Sagwara.png?dl=0
Sajjangarh,https://www.dropbox.com/s/w7b8u9na3cvnmr9/Sajjangarh.png?dl=0
Salepur,https://www.dropbox.com/s/7nu51il0zmoub9c/Salepur%20Operational%20Map.png?dl=0
Suriya,https://www.dropbox.com/s/bms7k2nu2pikg8z/Suriya%20Operational%20Map.png?dl=0
Tikkaballi,https://www.dropbox.com/s/x7ang5620f63sss/Tikkaballi%20Operational%20Map.png?dl=0
Baisinga,https://www.dropbox.com/s/zvovq6651df655p/Baisinga%20Operational%20Map.png?dl=0
Balichandrapur,https://www.dropbox.com/s/wd02ziy42v0lqep/Balichandrapur%20Operational%20Map.png?dl=0
Baliguda,https://www.dropbox.com/s/tk05m03nyaqaww7/Baliguda%20Operational%20Map.png?dl=0
Balipatna,https://www.dropbox.com/s/i27wjrx13flvb07/Balipatna%20Operational%20Map.png?dl=0
Bardhaman,https://www.dropbox.com/s/78dsw4bkd1g2fcw/Bardhaman%20Operational%20Map.png?dl=0
Barhaj,https://www.dropbox.com/s/99f1ugl6efuhdky/Barhaj%20Operational%20Map.png?dl=0
Barhalganj,https://www.dropbox.com/s/qhzc3jgbcrccsui/Barhalganj%20Operational%20Map.png?dl=0
Barharwa,https://www.dropbox.com/s/9lg75k33ugv8y5s/Barharwa%20Operational%20Map.png?dl=0
Baripada,https://www.dropbox.com/s/rykju3aor7bc4gj/Baripada%20Operational%20Map.png?dl=0
Belda,https://www.dropbox.com/s/lixqasdbz0a9yrl/Belda%20Operational%20Map.png?dl=0
Bemetara,https://www.dropbox.com/s/rpp6tjixy6dirt3/Bemetara%20Operational%20Map.png?dl=0
Bhilwara,https://www.dropbox.com/s/7b8hh80e3y6e1mb/Bhilwara.png?dl=0
Bijnor,https://www.dropbox.com/s/50mnlbnvi7b3320/Bijnor%20Operational%20Map.png?dl=0
Blacklisted Area,https://www.dropbox.com/s/vd3zpffowtqum4n/Blacklisted%20Area.png?dl=0
Budbud,https://www.dropbox.com/s/a3xorozd23msn48/Budbud%20Operational%20Map.png?dl=0
Chaibasa,https://www.dropbox.com/s/l7vrqd07gkesw0v/Chaibasa%20Operational%20Map.png?dl=0
Chandikhole,https://www.dropbox.com/s/o46rmc2yf68n729/Chandikhole%20Operational%20Map.png?dl=0
Chandragiri,https://www.dropbox.com/s/ulrl8li1in7hluw/Chandragiri%20Operational%20Map.png?dl=0
Chandrakona Road,https://www.dropbox.com/s/3iz0f6aubdv6ctz/Chandrakona%20Road%20Operational%20Map.png?dl=0
Dainhat,https://www.dropbox.com/s/s0vefkrc52dpudk/Dainhat%20Operational%20Map.png?dl=0
Daspur,https://www.dropbox.com/s/as6bc0hbekhdmtl/Daspur%20Operational%20Map.png?dl=0
Dhampur,https://www.dropbox.com/s/enxi9s9gfohu5ai/Dhampur%20Operational%20Map.png?dl=0
Egra,https://www.dropbox.com/s/t8tkyd7eu4y21f7/Egra%20Operational%20Map.png?dl=0
Gangarampur,https://www.dropbox.com/s/gy4o03d5sgfny73/Gangarampur%20Operational%20Map.png?dl=0
Garkha,https://www.dropbox.com/s/xqwsco7lg703krr/Garkha%20Operational%20Map.png?dl=0
Gauri Bazar,https://www.dropbox.com/s/dnq45vq11hbr0i2/Gauri%20Bazar%20Operational%20Map.png?dl=0
Giridih,https://www.dropbox.com/s/wnrcs800d55dlcd/Giridih%20Operational%20Map.png?dl=0
Goaltore,https://www.dropbox.com/s/jhjpq49jil1za8o/Goaltore%20Operational%20Map.png?dl=0
Gunupur,https://www.dropbox.com/s/qmpiil48dz192d4/Gunupur%20Operational%20Map.png?dl=0
Hamirpur,https://www.dropbox.com/s/ttbkw284w2irnql/Hamirpur%20Operational%20Map.png?dl=0
Hansdiha,https://www.dropbox.com/s/nbzqfu3ue8gawud/Hansdiha%20Operational%20Map.png?dl=0
Hanumangarh,https://www.dropbox.com/s/cin2zgfc04k2jji/Hanumangarh.png?dl=0
Hapur,https://www.dropbox.com/s/lo971tbefnkg3xr/Hapur%20Operational%20Map.png?dl=0
Hata,https://www.dropbox.com/s/ttcfqnyp9qin4fb/Hata%20Operational%20Map.png?dl=0
Hoshiarpur,https://www.dropbox.com/s/pujcqtlgfgot4vv/Hoshiarpur%20Operational%20Map.png?dl=0
Joya,https://www.dropbox.com/s/ck1cbk198yedi72/Joya%20Operational%20Map.png?dl=0
Junagarh,https://www.dropbox.com/s/eqnu5bh8axe6pzs/Junagarh%20Operational%20Map.png?dl=0
Kandi,https://www.dropbox.com/s/9wqp1h7ipl1dikr/Kandi%20Operational%20Map.png?dl=0
Kantamal,https://www.dropbox.com/s/r6imr8l6b4lg2s2/Kantamal%20Operational%20Map.png?dl=0
Karanjia,https://www.dropbox.com/s/y2lvr4gur4j5mt4/Karanjia%20Operational%20Map.png?dl=0
Kesinga,https://www.dropbox.com/s/w2thhp1h94k6ncj/Kesinga%20Operational%20Map.png?dl=0
Khajani,https://www.dropbox.com/s/g6p30lm5vqsadhy/Khajani%20Operational%20Map.png?dl=0
Khamano,https://www.dropbox.com/s/qjnu5w2j19cuq1p/Khamano%20Operational%20Map.png?dl=0
Khatu Shyam,https://www.dropbox.com/s/1u980bryu0re6ak/Khatu%20Shyam.png?dl=0
Lakshmipur,https://www.dropbox.com/s/lb7iei2r89pd525/Lakshmipur%20Operational%20Map.png?dl=0
Mandi,https://www.dropbox.com/s/msfuk1i5suj19lw/Mandi%20Operational%20Map.png?dl=0
Maps with Census ID,https://www.dropbox.com/s/orqm3fm3ak1ly6s/Maps%20with%20Census%20ID.png?dl=0
Mecheda,https://www.dropbox.com/s/q2sx9dqbjwcsxns/Mecheda%20Operational%20Map.png?dl=0
Mehdawal,https://www.dropbox.com/s/ryq9bjekvffdypr/Mehdawal%20Operational%20Map.png?dl=0
Mungeli,https://www.dropbox.com/s/sbzegewlp61abtv/Mungeli%20Operational%20Map.png?dl=0
Muniguda,https://www.dropbox.com/s/vhnqdyxmsxjoz02/Muniguda%20Operational%20Map.png?dl=0
Narla,https://www.dropbox.com/s/oq7ubn36orn7jdz/Narla%20Operational%20Map.png?dl=0
Nimapara,https://www.dropbox.com/s/rv8c7ev29lq5aca/Nimapara%20Operational%20Map.png?dl=0
Nimbahera,https://www.dropbox.com/s/qkk20e6ehn21lyv/Nimbahera.png?dl=0
Nischintakoili,https://www.dropbox.com/s/yi2jq6x5w3phy3f/Nischintakoili%20Operational%20Map.png?dl=0
Pansukura,https://www.dropbox.com/s/pg6p5g74ekwiogw/Pansukura%20Operational%20Map.png?dl=0
Patuadi,https://www.dropbox.com/s/isbkm2nid66qs6s/Patuadi.png?dl=0
Payal,https://www.dropbox.com/s/dnbm4e78rtpmru5/Payal%20Operational%20Map.png?dl=0
Phulbani,https://www.dropbox.com/s/9brhrtn3abi5e2s/Phulbani%20Operational%20Map.png?dl=0
Pratapgarh,https://www.dropbox.com/s/1wwwmgsshdeopcp/Pratapgarh.png?dl=0
Raghunathpur,https://www.dropbox.com/s/5hixebazz1etj5h/Raghunathpur%20Operational%20Map.png?dl=0
Raj & HR,https://www.dropbox.com/s/qja6nyrdsuw2vka/Raj%20%26%20HR.png?dl=0
Rajnandgaon,https://www.dropbox.com/s/k6jz59uff8zl7n6/Rajnandgaon%20Operational%20Map.png?dl=0
Rampurahat,https://www.dropbox.com/s/r0vuwjlp9ihhtv3/Rampurahat%20Operational%20Map.png?dl=0
Rayagada,https://www.dropbox.com/s/6jzr4csmqz2afp1/Rayagada%20Operational%20Map.png?dl=0
Rudhauli,https://www.dropbox.com/s/v02donxlg0dfcxw/Rudhauli%20Operational%20Map.png?dl=0
Rupnagar,https://www.dropbox.com/s/a165oq86emnvry3/Rupnagar%20Operational%20Map.png?dl=0
Sabang,https://www.dropbox.com/s/ymddlgo4ekbc80q/Sabang%20Operational%20Map.png?dl=0
Sahjanwa,https://www.dropbox.com/s/x3v09tbox2uhhob/Sahjanwa%20Operational%20Map.png?dl=0
Sangrur,https://www.dropbox.com/s/mlg9hjsit8ajapu/Sangrur%20Operational%20Map.png?dl=0
Shahbad,https://www.dropbox.com/s/g8z06h2bqm301t0/Shahbad.png?dl=0
Sirhind,https://www.dropbox.com/s/r9jxaaa1v58mdmm/Sirhind%20Operational%20Map.png?dl=0
Sultanpur Lodhi,https://www.dropbox.com/s/0xunstgz9ldhus2/Sultanpur%20Lodhi%20Operational%20Map.png?dl=0
Suri,https://www.dropbox.com/s/mpx8brwc1cfg1hm/Suri%20Operational%20Map.png?dl=0
Una,https://www.dropbox.com/s/6ows97hhxdy1q1s/Una%20Operational%20Map.png?dl=0
Yamuna Nagar,https://www.dropbox.com/s/4ds2desvi6yebre/Yamuna%20Nagar.png?dl=0
